date,spearman,top3_hit_rate,bot3_hit_rate,horizon
1994-09-30,0.29736795612662625,0.3333333333333333,0.3333333333333333,1
1994-10-31,0.0762804666496902,0.3333333333333333,0.0,1
1994-11-30,-0.32328388246773465,0.0,0.3333333333333333,1
1994-12-31,-0.5121688475050628,0.0,0.0,1
1995-01-31,-0.7678872830198498,0.0,0.0,1
1995-02-28,0.3215728391967999,0.3333333333333333,0.3333333333333333,1
1995-03-31,0.3566490698386032,0.6666666666666666,0.3333333333333333,1
1995-04-30,-0.6679361487794174,0.0,0.0,1
1995-05-31,0.7568549580887725,0.3333333333333333,0.6666666666666666,1
1995-06-30,0.7141232228971433,1.0,0.3333333333333333,1
1995-07-31,0.27149091068252545,0.3333333333333333,0.3333333333333333,1
1995-08-31,-0.5649034449783371,0.0,0.0,1
1995-09-30,0.06726179960007024,0.3333333333333333,0.3333333333333333,1
1995-10-31,-0.5771961488299246,0.0,0.0,1
1995-11-30,-0.22064748964199593,0.0,0.3333333333333333,1
1995-12-31,0.057471471989483526,0.3333333333333333,0.6666666666666666,1
1996-01-31,0.01087670675718056,0.6666666666666666,0.0,1
1996-02-29,0.21037912678459744,0.6666666666666666,0.3333333333333333,1
1996-03-31,0.09912265204220876,0.0,0.3333333333333333,1
1996-04-30,0.31338805276577947,0.3333333333333333,0.3333333333333333,1
1996-05-31,-0.04956132602110438,0.0,0.3333333333333333,1
1996-06-30,0.4822535913439597,0.6666666666666666,0.3333333333333333,1
1996-07-31,-0.06465540598816898,0.3333333333333333,0.0,1
1996-08-31,-0.4395207840291673,0.3333333333333333,0.0,1
1996-09-30,-0.06418346240886023,0.3333333333333333,0.3333333333333333,1
1996-10-31,-0.14514388334752,0.3333333333333333,0.3333333333333333,1
1996-11-30,0.1595250324386482,0.6666666666666666,0.0,1
1996-12-31,0.38434046892967116,0.3333333333333333,0.6666666666666666,1
1997-01-31,-0.2938278614108331,0.0,0.0,1
1997-02-28,-0.21355694169400766,0.0,0.0,1
1997-03-31,-0.18342864888903765,0.0,0.0,1
1997-04-30,-0.03533767463701098,0.0,0.3333333333333333,1
1997-05-31,-0.38941041873724874,0.0,0.0,1
1997-06-30,0.14160378863172682,0.3333333333333333,0.6666666666666666,1
1997-07-31,0.09187795405622853,0.0,0.6666666666666666,1
1997-08-31,-0.04965038507949393,0.3333333333333333,0.3333333333333333,1
1997-09-30,-0.8056989817238502,0.0,0.0,1
1997-10-31,0.7584069136758288,0.6666666666666666,0.3333333333333333,1
1997-11-30,0.06007404688291866,0.6666666666666666,0.0,1
1997-12-31,-0.2882289622262841,0.3333333333333333,0.3333333333333333,1
1998-01-31,-0.2222308630771033,0.0,0.3333333333333333,1
1998-02-28,0.0463547228508435,0.0,0.3333333333333333,1
1998-03-31,-0.37104558368861523,0.0,0.3333333333333333,1
1998-04-30,0.174721647668564,0.3333333333333333,0.3333333333333333,1
1998-05-31,0.22847417737449346,0.3333333333333333,0.6666666666666666,1
1998-06-30,-0.003552851855209667,0.0,0.3333333333333333,1
1998-07-31,-0.4401517595024992,0.0,0.0,1
1998-08-31,0.5845215366193189,0.6666666666666666,0.6666666666666666,1
1998-09-30,-0.7938247068547412,0.0,0.0,1
1998-10-31,-0.010735531320408118,0.3333333333333333,0.3333333333333333,1
1998-11-30,0.6072823002109122,0.3333333333333333,0.6666666666666666,1
1998-12-31,0.7264806347589543,0.6666666666666666,0.6666666666666666,1
1999-01-31,-0.036324031737947717,0.0,0.0,1
1999-02-28,-0.17000231384686126,0.3333333333333333,0.0,1
1999-03-31,0.2945412939461031,0.3333333333333333,0.0,1
1999-04-30,-0.6549175224217366,0.0,0.0,1
1999-05-31,-0.31690926684179943,0.0,0.3333333333333333,1
1999-06-30,0.1250287088669525,0.0,0.6666666666666666,1
1999-07-31,-0.5335988870188658,0.0,0.0,1
1999-08-31,0.6894440231806238,0.3333333333333333,1.0,1
1999-09-30,-0.21909358274946805,0.3333333333333333,0.3333333333333333,1
1999-10-31,0.3915210597723474,0.3333333333333333,0.3333333333333333,1
1999-11-30,0.566953917944932,0.3333333333333333,0.6666666666666666,1
1999-12-31,-0.29196049551960956,0.0,0.0,1
2000-01-31,0.44399169918683257,0.6666666666666666,0.6666666666666666,1
2000-02-29,-0.5127295388065239,0.0,0.0,1
2000-03-31,-0.09426479189556485,0.3333333333333333,0.0,1
2000-04-30,-0.06901566030210066,0.3333333333333333,0.6666666666666666,1
2000-05-31,0.07815004598985029,0.3333333333333333,0.3333333333333333,1
2000-06-30,0.07902327398553985,0.3333333333333333,0.0,1
2000-07-31,0.34546681367002435,0.3333333333333333,0.3333333333333333,1
2000-08-31,-0.11310210414849793,0.3333333333333333,0.0,1
2000-09-30,-0.24470565968293395,0.3333333333333333,0.0,1
2000-10-31,0.6809999525850604,0.3333333333333333,0.6666666666666666,1
2000-11-30,0.7642037012804738,0.6666666666666666,0.6666666666666666,1
2000-12-31,0.1753507287584581,0.0,0.6666666666666666,1
2001-01-31,-0.2945080142473218,0.3333333333333333,0.0,1
2001-02-28,-0.11809991901211361,0.0,0.0,1
2001-03-31,0.2282437110416744,0.3333333333333333,0.3333333333333333,1
2001-04-30,-0.13516618675131148,0.3333333333333333,0.0,1
2001-05-31,0.1913581133033518,0.6666666666666666,0.3333333333333333,1
2001-06-30,0.14673479641335554,0.0,0.3333333333333333,1
2001-07-31,-0.7269197537640097,0.0,0.0,1
2001-08-31,0.03646188434622346,0.3333333333333333,0.0,1
2001-09-30,0.28882558083987103,0.0,0.0,1
2001-10-31,-0.4580286124143445,0.3333333333333333,0.0,1
2001-11-30,-0.1542596577678866,0.3333333333333333,0.6666666666666666,1
2001-12-31,0.08653590557710712,0.3333333333333333,0.3333333333333333,1
2002-01-31,0.22088101068549135,0.3333333333333333,0.0,1
2002-02-28,-0.13252860641129482,0.3333333333333333,0.3333333333333333,1
2002-03-31,0.3221559418096683,0.3333333333333333,0.3333333333333333,1
2002-04-30,0.05913123959890826,0.0,0.6666666666666666,1
2002-05-31,-0.08767536437922906,0.3333333333333333,0.0,1
2002-06-30,-0.044435302318574926,0.3333333333333333,0.0,1
2002-07-31,-0.14976057446828844,0.0,0.3333333333333333,1
2002-08-31,0.5740743399100555,0.3333333333333333,0.6666666666666666,1
2002-09-30,-0.3667697171647577,0.0,0.3333333333333333,1
2002-10-31,0.17939823122189233,0.6666666666666666,0.0,1
2002-11-30,-0.19084525517264356,0.0,0.0,1
2002-12-31,-0.033930631244549384,0.3333333333333333,0.0,1
2003-01-31,0.2824509776555124,0.3333333333333333,0.6666666666666666,1
2003-02-28,0.2232511321872438,0.6666666666666666,0.3333333333333333,1
2003-03-31,-0.2511575237106493,0.0,0.3333333333333333,1
2003-04-30,-0.3536684836629595,0.0,0.3333333333333333,1
2003-05-31,-0.2272377595477303,0.3333333333333333,0.6666666666666666,1
2003-06-30,-0.13155870289605437,0.3333333333333333,0.3333333333333333,1
2003-07-31,-0.25604577824959457,0.0,0.0,1
2003-08-31,-0.6257862187747438,0.0,0.0,1
2003-09-30,0.20483662259967567,0.3333333333333333,0.6666666666666666,1
2003-10-31,0.40341832452743936,0.3333333333333333,0.3333333333333333,1
2003-11-30,-0.06378603776778394,0.3333333333333333,0.3333333333333333,1
2003-12-31,-0.26311740579210874,0.3333333333333333,0.3333333333333333,1
2004-01-31,-0.2391976416291898,0.3333333333333333,0.0,1
2004-02-29,-0.14750521233800037,0.0,0.3333333333333333,1
2004-03-31,-0.2272377595477303,0.3333333333333333,0.0,1
2004-04-30,-0.022217651159287463,0.3333333333333333,0.0,1
2004-05-31,0.3149435614784332,1.0,0.3333333333333333,1
2004-06-30,-0.039866273604864964,0.3333333333333333,0.3333333333333333,1
2004-07-31,-0.2750772878735682,0.3333333333333333,0.3333333333333333,1
2004-08-31,0.46244877381643357,0.3333333333333333,0.6666666666666666,1
2004-09-30,-0.2391976416291898,0.3333333333333333,0.3333333333333333,1
2004-10-31,0.6155870112510925,0.6666666666666666,0.3333333333333333,1
2004-11-30,-0.8172586088997317,0.0,0.0,1
2004-12-31,0.18093417126152453,0.3333333333333333,0.6666666666666666,1
2005-01-31,0.7694837640638655,1.0,0.3333333333333333,1
2005-02-28,0.47065471194867925,0.3333333333333333,0.6666666666666666,1
2005-03-31,0.23952963018816711,0.3333333333333333,0.6666666666666666,1
2005-04-30,-0.18093417126152453,0.0,0.3333333333333333,1
2005-05-31,-0.22813438985148743,0.3333333333333333,0.3333333333333333,1
2005-06-30,-0.20170916226371968,0.0,0.0,1
2005-07-31,-0.4484020766046477,0.3333333333333333,0.3333333333333333,1
2005-08-31,0.40967324519935133,0.3333333333333333,0.3333333333333333,1
2005-09-30,-0.20483662259967567,0.3333333333333333,0.3333333333333333,1
2005-10-31,-0.11800054647490729,0.3333333333333333,0.3333333333333333,1
2005-11-30,0.01260682264148248,0.3333333333333333,0.3333333333333333,1
2005-12-31,-0.18490006540840973,0.3333333333333333,0.0,1
2006-01-31,0.4622501635210243,0.3333333333333333,0.6666666666666666,1
2006-02-28,-0.016809096855309975,0.3333333333333333,0.3333333333333333,1
2006-03-31,0.315170566037062,0.6666666666666666,0.3333333333333333,1
2006-04-30,-0.4454410666657143,0.0,0.3333333333333333,1
2006-05-31,-0.655554777357089,0.0,0.3333333333333333,1
2006-06-30,-0.1799306321198044,0.3333333333333333,0.0,1
2006-07-31,-0.28933573971882176,0.3333333333333333,0.0,1
2006-08-31,-0.11108825579643733,0.0,0.3333333333333333,1
2006-09-30,-0.17954621161490197,0.0,0.0,1
2006-10-31,0.17939823122189233,0.6666666666666666,0.3333333333333333,1
2006-11-30,-0.05120915564991892,0.3333333333333333,0.6666666666666666,1
2006-12-31,0.5084751798731267,0.3333333333333333,0.3333333333333333,1
2007-01-31,0.20483662259967567,0.0,0.0,1
2007-02-28,0.25649458802128855,0.3333333333333333,0.0,1
2007-03-31,-0.42031588100300776,0.0,0.0,1
2007-04-30,-0.2504506552138783,0.0,0.3333333333333333,1
2007-05-31,0.13906416855253048,0.3333333333333333,0.3333333333333333,1
2007-06-30,0.15789570881006337,0.3333333333333333,0.3333333333333333,1
2007-07-31,-0.19753854495742512,0.3333333333333333,0.0,1
2007-08-31,0.5989501304292861,0.6666666666666666,0.3333333333333333,1
2007-09-30,0.10321918848543703,0.3333333333333333,0.0,1
2007-10-31,-0.11908949961751887,0.0,0.0,1
2007-11-30,0.5569185423289853,0.6666666666666666,0.3333333333333333,1
2007-12-31,-0.49737383641065974,0.0,0.3333333333333333,1
2008-01-31,0.8028368093325585,0.6666666666666666,0.3333333333333333,1
2008-02-29,0.03527474017096878,0.3333333333333333,0.3333333333333333,1
2008-03-31,-0.3087738305619017,0.3333333333333333,0.0,1
2008-04-30,0.5104895104895105,0.3333333333333333,0.3333333333333333,1
2008-05-31,0.5394053806205267,0.3333333333333333,0.6666666666666666,1
2008-06-30,0.3187395430939476,0.3333333333333333,0.3333333333333333,1
2008-07-31,-0.3327500724607145,0.0,0.3333333333333333,1
2008-08-31,-0.32867132867132864,0.0,0.0,1
2008-09-30,-0.003502632341691731,0.6666666666666666,0.0,1
2008-10-31,0.4128767539417481,0.0,0.6666666666666666,1
2008-11-30,-0.3028244105377194,0.3333333333333333,0.0,1
2008-12-31,0.29422111670210543,0.3333333333333333,0.3333333333333333,1
2009-01-31,0.41624193401743165,0.3333333333333333,0.6666666666666666,1
2009-02-28,-0.33863750564130024,0.3333333333333333,0.0,1
2009-03-31,0.014035174116450076,0.3333333333333333,0.3333333333333333,1
2009-04-30,0.14685314685314685,0.0,0.3333333333333333,1
2009-05-31,0.25874125874125875,0.0,0.3333333333333333,1
2009-06-30,-0.06993006993006995,0.0,0.3333333333333333,1
2009-07-31,-0.2377622377622378,0.0,0.3333333333333333,1
2009-08-31,-0.3327500724607145,0.0,0.0,1
2009-09-30,0.0736846641113629,0.0,0.3333333333333333,1
2009-10-31,0.23158037292142628,0.3333333333333333,0.6666666666666666,1
2009-11-30,0.2350891664505388,0.3333333333333333,0.3333333333333333,1
2009-12-31,-0.02112728445611996,0.0,0.6666666666666666,1
2010-01-31,0.3894760817314897,0.6666666666666666,0.3333333333333333,1
2010-02-28,0.6940600605055248,0.6666666666666666,0.6666666666666666,1
2010-03-31,0.021052761174675114,0.6666666666666666,0.0,1
2010-04-30,-0.31579141762012675,0.0,0.3333333333333333,1
2010-05-31,-0.5157926487795403,0.0,0.0,1
2010-06-30,-0.11579018646071314,0.0,0.3333333333333333,1
2010-07-31,-0.4956132155354397,0.0,0.0,1
2010-08-31,-0.15438691528095086,0.3333333333333333,0.0,1
2010-09-30,0.5008795081555452,0.0,0.6666666666666666,1
2010-10-31,-0.05623979750756762,0.0,0.3333333333333333,1
2010-11-30,0.10563642228059981,0.0,0.3333333333333333,1
2010-12-31,-0.03922322702763681,0.3333333333333333,0.3333333333333333,1
2011-01-31,0.08435865400514443,0.3333333333333333,0.0,1
2011-02-28,-0.30175624350367664,0.0,0.0,1
2011-03-31,-0.5887117087997138,0.0,0.0,1
2011-04-30,0.12959739664259406,0.3333333333333333,0.3333333333333333,1
2011-05-31,-0.01751316170845866,0.0,0.0,1
2011-06-30,-0.17284622683774703,0.3333333333333333,0.0,1
2011-07-31,-0.15761845537612793,0.6666666666666666,0.0,1
2011-08-31,0.6760731025958387,0.3333333333333333,0.6666666666666666,1
2011-09-30,-0.5087750617213154,0.0,0.3333333333333333,1
2011-10-31,0.6278903750432443,0.3333333333333333,0.6666666666666666,1
2011-11-30,0.19753854495742512,0.0,0.3333333333333333,1
2011-12-31,-0.5964948999491283,0.0,0.3333333333333333,1
2012-01-31,-0.09541172151992965,0.0,0.3333333333333333,1
2012-02-29,0.29929763004957943,0.3333333333333333,0.6666666666666666,1
2012-03-31,0.7090222774364725,0.3333333333333333,0.6666666666666666,1
2012-04-30,0.6326899050385834,0.6666666666666666,0.3333333333333333,1
2012-05-31,0.201066018974522,0.0,0.6666666666666666,1
2012-06-30,0.39579745461116567,0.3333333333333333,0.6666666666666666,1
2012-07-31,-0.5419592297980402,0.0,0.0,1
2012-08-31,-0.09090909090909093,0.3333333333333333,0.3333333333333333,1
2012-09-30,-0.31394518752162215,0.3333333333333333,0.0,1
2012-10-31,-0.31523691075225585,0.0,0.3333333333333333,1
2012-11-30,-0.46316074584285255,0.0,0.0,1
2012-12-31,0.38528955758609046,0.3333333333333333,0.6666666666666666,1
2013-01-31,0.02982456140350877,0.0,0.3333333333333333,1
2013-02-28,0.3677763958776318,0.3333333333333333,0.3333333333333333,1
2013-03-31,0.18375590811245707,0.3333333333333333,0.3333333333333333,1
2013-04-30,0.021164844102581265,0.3333333333333333,0.3333333333333333,1
2013-05-31,0.2751429733335564,0.3333333333333333,0.3333333333333333,1
2013-06-30,0.6573426573426573,0.6666666666666666,0.6666666666666666,1
2013-07-31,0.2767079549936468,0.3333333333333333,0.3333333333333333,1
2013-08-31,0.5734265734265735,0.3333333333333333,0.6666666666666666,1
2013-09-30,0.07355527917552636,0.3333333333333333,0.3333333333333333,1
2013-10-31,-0.15384615384615385,0.0,0.3333333333333333,1
2013-11-30,-0.06338185336835989,0.3333333333333333,0.0,1
2013-12-31,0.2377622377622378,0.3333333333333333,0.3333333333333333,1
2014-01-31,-0.06293706293706294,0.3333333333333333,0.3333333333333333,1
2014-02-28,-0.5314685314685316,0.3333333333333333,0.0,1
2014-03-31,0.16783216783216784,0.0,0.3333333333333333,1
2014-04-30,0.16783216783216784,0.3333333333333333,0.3333333333333333,1
2014-05-31,0.0,0.0,0.6666666666666666,1
2014-06-30,0.34965034965034975,0.6666666666666666,0.3333333333333333,1
2014-07-31,-0.1958041958041958,0.3333333333333333,0.3333333333333333,1
2014-08-31,0.6503496503496504,0.6666666666666666,0.6666666666666666,1
2014-09-30,0.4545454545454546,0.6666666666666666,0.6666666666666666,1
2014-10-31,0.6059553951126696,0.6666666666666666,0.0,1
2014-11-30,-0.2517482517482518,0.0,0.3333333333333333,1
2014-12-31,0.44833693973654165,0.3333333333333333,0.6666666666666666,1
2015-01-31,-0.08056054385890982,0.3333333333333333,0.0,1
2015-02-28,0.2447552447552448,0.6666666666666666,0.3333333333333333,1
2015-03-31,-0.09090909090909093,0.0,0.3333333333333333,1
2015-04-30,-0.5874125874125874,0.0,0.0,1
2015-05-31,-0.22377622377622378,0.0,0.3333333333333333,1
2015-06-30,0.35664335664335667,0.3333333333333333,0.3333333333333333,1
2015-07-31,0.21716320518488735,0.3333333333333333,0.0,1
2015-08-31,-0.04895104895104895,0.3333333333333333,0.3333333333333333,1
2015-09-30,-0.3356643356643357,0.3333333333333333,0.0,1
2015-10-31,-0.2797202797202798,0.0,0.0,1
2015-11-30,-0.2027972027972028,0.0,0.0,1
2015-12-31,-0.31468531468531474,0.3333333333333333,0.0,1
2016-01-31,0.4055944055944056,0.6666666666666666,0.3333333333333333,1
2016-02-29,-0.6153846153846154,0.0,0.0,1
2016-03-31,-0.2377622377622378,0.0,0.3333333333333333,1
2016-04-30,0.6304738215045116,0.6666666666666666,0.3333333333333333,1
2016-05-31,0.25874125874125875,0.6666666666666666,0.3333333333333333,1
2016-06-30,-0.2867132867132868,0.0,0.3333333333333333,1
2016-07-31,0.1258741258741259,0.3333333333333333,0.3333333333333333,1
2016-08-31,0.04895104895104895,0.0,0.3333333333333333,1
2016-09-30,-0.20979020979020982,0.0,0.3333333333333333,1
2016-10-31,-0.2447552447552448,0.3333333333333333,0.0,1
2016-11-30,-0.2867132867132868,0.3333333333333333,0.0,1
2016-12-31,-0.4265734265734266,0.3333333333333333,0.0,1
2017-01-31,-0.013986013986013986,0.0,0.0,1
2017-02-28,-0.48336326315345896,0.0,0.3333333333333333,1
2017-03-31,0.02097902097902098,0.3333333333333333,0.3333333333333333,1
2017-04-30,-0.055944055944055944,0.0,0.3333333333333333,1
2017-05-31,0.055944055944055944,0.3333333333333333,0.3333333333333333,1
2017-06-30,0.034965034965034975,0.3333333333333333,0.3333333333333333,1
2017-07-31,0.30069930069930073,0.3333333333333333,0.3333333333333333,1
2017-08-31,-0.4265734265734266,0.0,0.3333333333333333,1
2017-09-30,0.37762237762237766,0.6666666666666666,0.3333333333333333,1
2017-10-31,0.41958041958041964,0.6666666666666666,0.3333333333333333,1
2017-11-30,0.1188811188811189,0.0,0.6666666666666666,1
2017-12-31,-0.006993006993006993,0.0,0.0,1
2018-01-31,0.1328671328671329,0.3333333333333333,0.0,1
2018-02-28,0.06293706293706294,0.3333333333333333,0.3333333333333333,1
2018-03-31,-0.32867132867132864,0.0,0.3333333333333333,1
2018-04-30,0.04895104895104895,0.3333333333333333,0.0,1
2018-05-31,0.25874125874125875,0.6666666666666666,0.0,1
2018-06-30,0.4055944055944056,0.3333333333333333,0.6666666666666666,1
2018-07-31,0.2027972027972028,0.0,0.3333333333333333,1
2018-08-31,-0.1258741258741259,0.3333333333333333,0.3333333333333333,1
2018-09-30,-0.45534220441992507,0.0,0.0,1
2018-10-31,0.04553422044199251,0.3333333333333333,0.3333333333333333,1
2018-11-30,-0.2027972027972028,0.3333333333333333,0.0,1
2018-12-31,-0.08391608391608392,0.0,0.3333333333333333,1
2019-01-31,0.08391608391608392,0.3333333333333333,0.3333333333333333,1
2019-02-28,0.43356643356643365,0.3333333333333333,0.6666666666666666,1
2019-03-31,0.027972027972027972,0.3333333333333333,0.3333333333333333,1
2019-04-30,0.5454545454545455,0.6666666666666666,0.6666666666666666,1
2019-05-31,0.055944055944055944,0.0,0.3333333333333333,1
2019-06-30,0.11188811188811189,0.3333333333333333,0.3333333333333333,1
2019-07-31,0.46153846153846156,0.6666666666666666,0.3333333333333333,1
2019-08-31,-0.20979020979020982,0.0,0.3333333333333333,1
2019-09-30,-0.44699015626767424,0.0,0.3333333333333333,1
2019-10-31,-0.28681868360509094,0.3333333333333333,0.3333333333333333,1
2019-11-30,-0.03352426172007557,0.3333333333333333,0.0,1
2019-12-31,-0.10802262109802127,0.3333333333333333,0.6666666666666666,1
2020-01-31,0.22759624733297298,0.3333333333333333,0.3333333333333333,1
2020-02-29,0.10429770312912398,0.3333333333333333,0.3333333333333333,1
2020-03-31,0.02101137106913747,0.3333333333333333,0.0,1
2020-04-30,0.08377078165833911,0.3333333333333333,0.3333333333333333,1
2020-05-31,0.7526178090063816,1.0,0.3333333333333333,1
2020-06-30,0.10127393670836667,0.6666666666666666,0.3333333333333333,1
2020-07-31,0.10127393670836667,0.3333333333333333,0.3333333333333333,1
2020-08-31,-0.046033607594712124,0.3333333333333333,0.6666666666666666,1
2020-09-30,0.28778492821848256,0.0,0.3333333333333333,1
2020-10-31,-0.4003964218691931,0.0,0.3333333333333333,1
2020-11-30,0.07984321006272238,0.3333333333333333,0.3333333333333333,1
2020-12-31,-0.14489429429992168,0.0,0.3333333333333333,1
2021-01-31,0.05063696835418333,0.0,0.3333333333333333,1
2021-02-28,-0.4188539082916955,0.0,0.3333333333333333,1
2021-03-31,0.5570066518960166,0.3333333333333333,0.6666666666666666,1
2021-04-30,-0.12186595220099732,0.3333333333333333,0.0,1
2021-05-31,0.24046704103556027,0.3333333333333333,0.3333333333333333,1
2021-06-30,-0.22692280754668467,0.0,0.3333333333333333,1
2021-07-31,-0.5210820025146092,0.0,0.3333333333333333,1
2021-08-31,0.6429479547156066,1.0,0.6666666666666666,1
2021-09-30,0.3527741833661081,0.6666666666666666,0.0,1
2021-10-31,-0.15849025032322228,0.6666666666666666,0.3333333333333333,1
2021-11-30,-0.4779521193992433,0.0,0.3333333333333333,1
2021-12-31,0.18405491438098157,0.3333333333333333,0.6666666666666666,1
2022-01-31,0.05042729056592992,0.3333333333333333,0.6666666666666666,1
2022-02-28,0.22522298730142115,0.6666666666666666,0.3333333333333333,1
2022-03-31,-0.6131070209872019,0.0,0.0,1
2022-04-30,-0.28778492821848256,0.3333333333333333,0.0,1
2022-05-31,-0.3147500580899058,0.0,0.3333333333333333,1
2022-06-30,0.0,0.0,0.3333333333333333,1
2022-07-31,0.5883183899358492,0.6666666666666666,0.6666666666666666,1
2022-08-31,-0.14287732327013478,0.3333333333333333,0.0,1
2022-09-30,0.4254211982360177,0.6666666666666666,0.3333333333333333,1
2022-10-31,0.3084251708845712,0.0,0.3333333333333333,1
2022-11-30,0.4181210050035454,0.3333333333333333,0.6666666666666666,1
2022-12-31,-0.43703651823805933,0.0,0.0,1
2023-01-31,-0.45384561509336935,0.0,0.0,1
2023-02-28,-0.10085458113185984,0.3333333333333333,0.3333333333333333,1
2023-03-31,0.07984321006272238,0.3333333333333333,0.6666666666666666,1
2023-04-30,0.01260682264148248,0.3333333333333333,0.3333333333333333,1
2023-05-31,0.4181210050035454,0.6666666666666666,0.0,1
2023-06-30,0.315170566037062,0.3333333333333333,0.3333333333333333,1
2023-07-31,0.12186595220099732,0.0,0.3333333333333333,1
2023-08-31,-0.6681615999985714,0.0,0.3333333333333333,1
2023-09-30,0.14287732327013478,0.0,0.6666666666666666,1
2023-10-31,0.7564093584889489,1.0,0.3333333333333333,1
2023-11-30,0.10249414863810766,0.0,0.3333333333333333,1
2023-12-31,-0.11919737500471311,0.3333333333333333,0.0,1
2024-01-31,0.5848121211168738,0.6666666666666666,0.0,1
2024-02-29,-0.17069718549972973,0.0,0.6666666666666666,1
2024-03-31,-0.29069386642412703,0.0,0.3333333333333333,1
2024-04-30,0.1576833055970887,0.3333333333333333,0.6666666666666666,1
2024-05-31,0.3836665507964203,0.3333333333333333,0.6666666666666666,1
2024-06-30,-0.3744978507930857,0.3333333333333333,0.0,1
2024-07-31,0.12628920507068042,0.0,0.6666666666666666,1
2024-08-31,0.02792359388611303,0.0,0.3333333333333333,1
2024-09-30,0.6093297610049866,0.6666666666666666,0.3333333333333333,1
2024-10-31,-0.058831838993584906,0.0,0.0,1
2024-11-30,0.21431598490520218,0.3333333333333333,0.6666666666666666,1
2024-12-31,0.25213645282964964,0.3333333333333333,0.3333333333333333,1
2025-01-31,0.10127393670836667,0.0,0.3333333333333333,1
2025-02-28,-0.13937366833451512,0.3333333333333333,0.3333333333333333,1
2025-03-31,0.13937366833451512,0.3333333333333333,0.6666666666666666,1
2025-04-30,0.13937366833451512,0.3333333333333333,0.3333333333333333,1
2025-05-31,0.20254787341673333,0.3333333333333333,0.6666666666666666,1
2025-06-30,-0.02101137106913747,0.0,0.3333333333333333,1
2025-07-31,-0.14611272318057614,0.3333333333333333,0.0,1
2025-08-31,0.4139186771923578,0.6666666666666666,0.3333333333333333,1
2025-09-30,0.2752725400350703,0.6666666666666666,0.0,1
2025-10-31,-0.10127393670836667,0.0,0.3333333333333333,1
2025-11-30,-0.10127393670836667,0.0,0.3333333333333333,1
1994-07-31,0.28882558083987103,0.0,0.6666666666666666,3
1994-08-31,-0.10507897025075194,0.0,0.3333333333333333,3
1994-09-30,0.007017587058225038,0.3333333333333333,0.3333333333333333,3
1994-10-31,-0.15087812175183832,0.0,0.3333333333333333,3
1994-11-30,0.5052662681922029,0.3333333333333333,0.3333333333333333,3
1994-12-31,0.3438617658530269,0.3333333333333333,0.6666666666666666,3
1995-01-31,-0.021015794050150388,0.0,0.3333333333333333,3
1995-02-28,0.2746546979295595,0.3333333333333333,0.6666666666666666,3
1995-03-31,0.2671390381609462,0.6666666666666666,0.6666666666666666,3
1995-04-30,0.24960235381223425,0.6666666666666666,0.3333333333333333,3
1995-05-31,0.05996705829064692,0.6666666666666666,0.0,3
1995-06-30,0.234676366893346,0.3333333333333333,0.3333333333333333,3
1995-07-31,0.23158037292142628,0.3333333333333333,0.6666666666666666,3
1995-08-31,0.19965004347642867,0.6666666666666666,0.3333333333333333,3
1995-09-30,0.18213688176797005,0.0,0.3333333333333333,3
1995-10-31,-0.02097902097902098,0.3333333333333333,0.3333333333333333,3
1995-11-30,-0.11908949961751887,0.0,0.3333333333333333,3
1995-12-31,-0.31523691075225585,0.0,0.3333333333333333,3
1996-01-31,-0.31228262409101426,0.3333333333333333,0.3333333333333333,3
1996-02-29,-0.3222421754356393,0.3333333333333333,0.0,3
1996-03-31,-0.23117373455165427,0.0,0.3333333333333333,3
1996-04-30,0.26970269031026334,0.3333333333333333,0.3333333333333333,3
1996-05-31,-0.12959739664259406,0.3333333333333333,0.3333333333333333,3
1996-06-30,0.09807370556736847,0.3333333333333333,0.3333333333333333,3
1996-07-31,-0.13333415410627575,0.3333333333333333,0.0,3
1996-08-31,-0.2562683300328092,0.0,0.6666666666666666,3
1996-09-30,-0.4306731657495821,0.0,0.0,3
1996-10-31,0.21127284456119963,0.3333333333333333,0.3333333333333333,3
1996-11-30,-0.10077293020427842,0.0,0.0,3
1996-12-31,0.10563642228059981,0.3333333333333333,0.3333333333333333,3
1997-01-31,0.35948751851824623,0.3333333333333333,0.6666666666666666,3
1997-02-28,0.25874125874125875,0.0,0.6666666666666666,3
1997-03-31,0.4868658954951507,0.6666666666666666,0.3333333333333333,3
1997-04-30,0.3887921899277822,0.6666666666666666,0.3333333333333333,3
1997-05-31,0.06418346240886023,0.3333333333333333,0.3333333333333333,3
1997-06-30,0.14789099119283972,0.6666666666666666,0.0,3
1997-07-31,-0.8021652142601492,0.0,0.0,3
1997-08-31,-0.013986013986013986,0.6666666666666666,0.3333333333333333,3
1997-09-30,0.042031588100300776,0.3333333333333333,0.0,3
1997-10-31,0.3502632341691732,0.0,0.0,3
1997-11-30,-0.24210675350876382,0.0,0.3333333333333333,3
1997-12-31,0.02097902097902098,0.0,0.3333333333333333,3
1998-01-31,-0.15061319069274445,0.3333333333333333,0.3333333333333333,3
1998-02-28,0.05253948512537597,0.3333333333333333,0.0,3
1998-03-31,0.37127902821932357,0.3333333333333333,0.3333333333333333,3
1998-04-30,0.3263177982074643,0.0,0.3333333333333333,3
1998-05-31,0.3426573426573427,0.6666666666666666,0.3333333333333333,3
1998-06-30,0.0,0.3333333333333333,0.0,3
1998-07-31,-0.1331000289842858,0.0,0.0,3
1998-08-31,0.3537658665108649,0.6666666666666666,0.3333333333333333,3
1998-09-30,0.20701881821763868,0.6666666666666666,0.3333333333333333,3
1998-10-31,0.3216783216783217,0.3333333333333333,0.6666666666666666,3
1998-11-30,0.234676366893346,0.6666666666666666,0.3333333333333333,3
1998-12-31,0.16579127880355324,0.0,0.3333333333333333,3
1999-01-31,-0.16789569476419333,0.3333333333333333,0.0,3
1999-02-28,0.17162898474289487,0.6666666666666666,0.3333333333333333,3
1999-03-31,0.2736858952707765,0.3333333333333333,0.3333333333333333,3
1999-04-30,-0.034965034965034975,0.0,0.0,3
1999-05-31,-0.17482517482517487,0.0,0.0,3
1999-06-30,-0.5253948512537597,0.0,0.0,3
1999-07-31,-0.08406317620060155,0.3333333333333333,0.3333333333333333,3
1999-08-31,-0.0665500144921429,0.3333333333333333,0.0,3
1999-09-30,0.15761845537612793,0.3333333333333333,0.3333333333333333,3
1999-10-31,0.4763579984700755,0.3333333333333333,0.6666666666666666,3
1999-11-30,-0.15789570881006337,0.0,0.3333333333333333,3
1999-12-31,0.15789570881006337,0.0,0.3333333333333333,3
2000-01-31,0.22456278586320122,0.3333333333333333,0.3333333333333333,3
2000-02-29,0.6848033854153066,0.3333333333333333,0.6666666666666666,3
2000-03-31,-0.3642737635359401,0.3333333333333333,0.0,3
2000-04-30,0.03527474017096878,0.3333333333333333,0.0,3
2000-05-31,0.031747266153871904,0.0,0.6666666666666666,3
2000-06-30,-0.20849228035836478,0.3333333333333333,0.0,3
2000-07-31,-0.44561677819728995,0.0,0.0,3
2000-08-31,0.08201220196687696,0.3333333333333333,0.3333333333333333,3
2000-09-30,0.15061319069274445,0.3333333333333333,0.3333333333333333,3
2000-10-31,-0.34777972976588867,0.0,0.0,3
2000-11-30,-0.18478512374658834,0.0,0.0,3
2000-12-31,-0.2384719182249752,0.0,0.3333333333333333,3
2001-01-31,-0.15845463342089972,0.0,0.0,3
2001-02-28,0.3612015342949088,0.0,0.3333333333333333,3
2001-03-31,0.16789569476419333,0.3333333333333333,0.3333333333333333,3
2001-04-30,-0.04982995306193511,0.3333333333333333,0.3333333333333333,3
2001-05-31,0.4085779633491118,0.3333333333333333,0.6666666666666666,3
2001-06-30,0.3345153372218994,0.0,0.6666666666666666,3
2001-07-31,0.09645071826879194,0.3333333333333333,0.3333333333333333,3
2001-08-31,-0.007118564723133588,0.3333333333333333,0.3333333333333333,3
2001-09-30,-0.21517591504290953,0.0,0.3333333333333333,3
2001-10-31,0.12571884497699523,0.3333333333333333,0.3333333333333333,3
2001-11-30,0.48765990999075143,0.0,0.6666666666666666,3
2001-12-31,0.1670905459945595,0.3333333333333333,0.3333333333333333,3
2002-01-31,0.26791866185775537,0.3333333333333333,0.3333333333333333,3
2002-02-28,0.349906052985694,0.0,0.6666666666666666,3
2002-03-31,0.29649665245591594,0.3333333333333333,0.0,3
2002-04-30,0.5171260268641402,0.3333333333333333,0.6666666666666666,3
2002-05-31,0.21870684036823929,0.3333333333333333,0.3333333333333333,3
2002-06-30,0.17203024616155613,0.3333333333333333,0.3333333333333333,3
2002-07-31,-0.2393406712595948,0.0,0.0,3
2002-08-31,-0.6798229310592576,0.0,0.0,3
2002-09-30,-0.4667121196316602,0.3333333333333333,0.0,3
2002-10-31,-0.3193086938341046,0.3333333333333333,0.0,3
2002-11-30,0.16073816802858662,0.0,0.6666666666666666,3
2002-12-31,0.21028299730549083,0.6666666666666666,0.3333333333333333,3
2003-01-31,-0.35201276593558667,0.0,0.0,3
2003-02-28,-0.9113728293342468,0.0,0.0,3
2003-03-31,-0.8216172296971165,0.0,0.0,3
2003-04-30,-0.09541172151992965,0.0,0.3333333333333333,3
2003-05-31,-0.4629235377448438,0.0,0.0,3
2003-06-30,-0.4456831022610811,0.0,0.3333333333333333,3
2003-07-31,-0.17934646039107668,0.3333333333333333,0.0,3
2003-08-31,0.1809386547527659,0.3333333333333333,0.3333333333333333,3
2003-09-30,-0.02847425889253435,0.0,0.3333333333333333,3
2003-10-31,0.10189973423960091,0.3333333333333333,0.6666666666666666,3
2003-11-30,-0.1281341650164046,0.3333333333333333,0.0,3
2003-12-31,-0.2708497565089729,0.0,0.0,3
2004-01-31,-0.6285942248849762,0.0,0.0,3
2004-02-29,-0.18885003485394347,0.0,0.0,3
2004-03-31,-0.021591675854376522,0.3333333333333333,0.0,3
2004-04-30,0.3310723631004401,0.6666666666666666,0.3333333333333333,3
2004-05-31,-0.5177825872575796,0.0,0.0,3
2004-06-30,-0.24700341581804444,0.0,0.3333333333333333,3
2004-07-31,0.09627519361329034,0.6666666666666666,0.0,3
2004-08-31,-0.29813326094544584,0.0,0.3333333333333333,3
2004-09-30,-0.24869962986467672,0.0,0.3333333333333333,3
2004-10-31,0.5394095725402809,0.6666666666666666,0.3333333333333333,3
2004-11-30,0.5644153143136713,0.6666666666666666,0.3333333333333333,3
2004-12-31,0.20436540821294488,0.3333333333333333,0.3333333333333333,3
2005-01-31,0.3099260169428994,0.3333333333333333,0.6666666666666666,3
2005-02-28,-0.28577990598160574,0.3333333333333333,0.3333333333333333,3
2005-03-31,-0.2816940850166643,0.0,0.0,3
2005-04-30,-0.13957263155977062,0.0,0.3333333333333333,3
2005-05-31,-0.3672720348951446,0.3333333333333333,0.0,3
2005-06-30,0.06441813764297107,0.3333333333333333,0.3333333333333333,3
2005-07-31,0.1968331983535227,0.3333333333333333,0.3333333333333333,3
2005-08-31,0.46582735652388985,0.6666666666666666,0.6666666666666666,3
2005-09-30,0.21317111131258004,0.6666666666666666,0.3333333333333333,3
2005-10-31,-0.22969488514057135,0.3333333333333333,0.3333333333333333,3
2005-11-30,0.0893062206192518,0.6666666666666666,0.3333333333333333,3
2005-12-31,-0.09947985194587068,0.3333333333333333,0.3333333333333333,3
2006-01-31,-0.19396621796450692,0.3333333333333333,0.0,3
2006-02-28,-0.3363089252187908,0.3333333333333333,0.0,3
2006-03-31,-0.4984581173269741,0.0,0.0,3
2006-04-30,-0.6501460268810324,0.0,0.0,3
2006-05-31,-0.11247959501513524,0.3333333333333333,0.0,3
2006-06-30,0.10020599188906609,0.3333333333333333,0.0,3
2006-07-31,-0.5797632387867395,0.0,0.0,3
2006-08-31,-0.09287846944402185,0.0,0.3333333333333333,3
2006-09-30,0.14394450569584352,0.3333333333333333,0.3333333333333333,3
2006-10-31,0.48674202528849936,0.0,0.3333333333333333,3
2006-11-30,0.40723636602378815,0.3333333333333333,0.6666666666666666,3
2006-12-31,0.1314555186427577,0.3333333333333333,0.6666666666666666,3
2007-01-31,0.08481041912882634,0.3333333333333333,0.3333333333333333,3
2007-02-28,0.19540685203653171,0.3333333333333333,0.0,3
2007-03-31,-0.03527474017096878,0.3333333333333333,0.0,3
2007-04-30,0.2979023104769636,0.3333333333333333,0.3333333333333333,3
2007-05-31,0.14566692606359638,0.3333333333333333,0.3333333333333333,3
2007-06-30,0.5755620005439661,0.6666666666666666,0.0,3
2007-07-31,0.2729894919500468,0.6666666666666666,0.0,3
2007-08-31,0.37104558368861523,0.3333333333333333,0.3333333333333333,3
2007-09-30,0.646679445857301,0.3333333333333333,0.3333333333333333,3
2007-10-31,0.28219792136775024,0.3333333333333333,0.3333333333333333,3
2007-11-30,0.6454550060334212,1.0,0.6666666666666666,3
2007-12-31,0.3745793511523164,0.3333333333333333,0.6666666666666666,3
2008-01-31,-0.1207969630771287,0.0,0.0,3
2008-02-29,-0.646679445857301,0.0,0.0,3
2008-03-31,-0.6928061117658851,0.0,0.0,3
2008-04-30,0.2998352914532346,0.0,0.6666666666666666,3
2008-05-31,-0.03533767463701098,0.0,0.0,3
2008-06-30,0.21754519880497622,0.6666666666666666,0.0,3
2008-07-31,0.10563642228059981,0.3333333333333333,0.3333333333333333,3
2008-08-31,-0.21555981528576695,0.0,0.0,3
2008-09-30,-0.4523222353537405,0.0,0.0,3
2008-10-31,-0.05075796486684261,0.3333333333333333,0.3333333333333333,3
2008-11-30,-0.23890511007742418,0.3333333333333333,0.0,3
2008-12-31,-0.1925173682111229,0.3333333333333333,0.0,3
2009-01-31,-0.2630260931376872,0.3333333333333333,0.0,3
2009-02-28,0.650213213321002,0.0,1.0,3
2009-03-31,0.7660345126550493,0.6666666666666666,0.6666666666666666,3
2009-04-30,0.4602123130531121,0.6666666666666666,0.3333333333333333,3
2009-05-31,0.20386926596493263,0.3333333333333333,0.3333333333333333,3
2009-06-30,0.5096731649123316,0.3333333333333333,0.3333333333333333,3
2009-07-31,0.5783066868941781,0.6666666666666666,0.3333333333333333,3
2009-08-31,0.12767241877584157,0.6666666666666666,0.0,3
2009-09-30,-0.6431456783935998,0.0,0.0,3
2009-10-31,-0.21792921534182455,0.0,0.3333333333333333,3
2009-11-30,-0.3351100316242034,0.3333333333333333,0.0,3
2009-12-31,0.6144267978604523,0.3333333333333333,1.0,3
2010-01-31,0.7042428152039988,0.6666666666666666,0.6666666666666666,3
2010-02-28,0.23676242006797354,0.3333333333333333,0.0,3
2010-03-31,-0.5106896751033663,0.0,0.3333333333333333,3
2010-04-30,0.19789097796726146,0.0,0.6666666666666666,3
2010-05-31,-0.7314898649861272,0.0,0.0,3
2010-06-30,0.20738425330915564,0.6666666666666666,0.6666666666666666,3
2010-07-31,0.5855606868380817,0.6666666666666666,0.3333333333333333,3
2010-08-31,-0.06726179960007024,0.0,0.6666666666666666,3
2010-09-30,0.04593897702811427,0.6666666666666666,0.3333333333333333,3
2010-10-31,-0.09155156597651984,0.3333333333333333,0.3333333333333333,3
2010-11-30,-0.04585716222225941,0.3333333333333333,0.0,3
2010-12-31,-0.038802214188065655,0.6666666666666666,0.0,3
2011-01-31,0.0736846641113629,0.0,0.0,3
2011-02-28,-0.10193463298246631,0.0,0.6666666666666666,3
2011-03-31,-0.29278034341904086,0.0,0.6666666666666666,3
2011-04-30,0.1126788504326398,0.3333333333333333,0.3333333333333333,3
2011-05-31,0.07788208374744975,0.3333333333333333,0.3333333333333333,3
2011-06-30,-0.34965034965034975,0.3333333333333333,0.3333333333333333,3
2011-07-31,0.4991282028796627,0.6666666666666666,0.6666666666666666,3
2011-08-31,0.049472744491815365,0.3333333333333333,0.3333333333333333,3
2011-09-30,-0.6655378065691159,0.0,0.0,3
2011-10-31,0.09138967094979739,0.3333333333333333,0.6666666666666666,3
2011-11-30,0.18898463931497736,0.3333333333333333,0.3333333333333333,3
2011-12-31,0.5618690267284745,0.6666666666666666,0.6666666666666666,3
2012-01-31,-0.24382995499537571,0.3333333333333333,0.0,3
2012-02-29,0.27210009470498453,0.0,0.3333333333333333,3
2012-03-31,-0.4885832408469937,0.0,0.0,3
2012-04-30,0.219880276780616,0.0,0.3333333333333333,3
2012-05-31,-0.1643234459394233,0.3333333333333333,0.3333333333333333,3
2012-06-30,-0.007067534927402195,0.0,0.0,3
2012-07-31,-0.7493398301141313,0.0,0.0,3
2012-08-31,-0.2298858879579341,0.3333333333333333,0.3333333333333333,3
2012-09-30,0.10247925644733183,0.3333333333333333,0.3333333333333333,3
2012-10-31,0.014185824308426838,0.3333333333333333,0.3333333333333333,3
2012-11-30,0.13380613488875975,0.0,0.0,3
2012-12-31,-0.07488070614367026,0.0,0.3333333333333333,3
2013-01-31,0.4260669031984192,0.3333333333333333,0.6666666666666666,3
2013-02-28,0.35501372176652063,0.6666666666666666,0.3333333333333333,3
2013-03-31,0.41550326097035933,0.0,0.6666666666666666,3
2013-04-30,-0.12346159059839072,0.3333333333333333,0.0,3
2013-05-31,0.4226057951250433,0.6666666666666666,0.0,3
2013-06-30,0.6936791729759388,0.3333333333333333,1.0,3
2013-07-31,0.15604406739269522,0.3333333333333333,0.6666666666666666,3
2013-08-31,0.22382966687820907,0.3333333333333333,0.3333333333333333,3
2013-09-30,0.13476533093005497,0.3333333333333333,0.6666666666666666,3
2013-10-31,0.11328303090538144,0.0,0.3333333333333333,3
2013-11-30,-0.21164844102581265,0.3333333333333333,0.0,3
2013-12-31,0.20719043183666414,0.3333333333333333,0.3333333333333333,3
2014-01-31,-0.25842691425290143,0.0,0.3333333333333333,3
2014-02-28,-0.4735248401359471,0.3333333333333333,0.0,3
2014-03-31,-0.17146794358896342,0.3333333333333333,0.0,3
2014-04-30,0.2781759120055795,0.3333333333333333,0.6666666666666666,3
2014-05-31,0.3627886669336148,0.3333333333333333,0.3333333333333333,3
2014-06-30,0.3865637124046314,0.6666666666666666,0.3333333333333333,3
2014-07-31,-0.30890916194347395,0.3333333333333333,0.0,3
2014-08-31,0.22692817437238272,0.3333333333333333,0.3333333333333333,3
2014-09-30,0.08993496119376351,0.0,0.6666666666666666,3
2014-10-31,0.3872608522178538,0.3333333333333333,0.3333333333333333,3
2014-11-30,-0.14059949376891906,0.3333333333333333,0.3333333333333333,3
2014-12-31,0.010639368231320128,0.3333333333333333,0.0,3
2015-01-31,-0.6319932515669429,0.0,0.0,3
2015-02-28,0.1786124412385036,0.3333333333333333,0.3333333333333333,3
2015-03-31,0.2989797183716107,0.3333333333333333,0.3333333333333333,3
2015-04-30,0.2124056829475902,0.3333333333333333,0.3333333333333333,3
2015-05-31,0.3530090432487313,0.6666666666666666,0.3333333333333333,3
2015-06-30,0.007092912154213419,0.0,0.6666666666666666,3
2015-07-31,0.09237414823545136,0.3333333333333333,0.0,3
2015-08-31,-0.18119544461569304,0.0,0.0,3
2015-09-30,0.20070920233313963,0.0,0.6666666666666666,3
2015-10-31,0.0888212963802417,0.6666666666666666,0.3333333333333333,3
2015-11-30,-0.21202604782206586,0.3333333333333333,0.0,3
2015-12-31,-0.4240520956441317,0.3333333333333333,0.0,3
2016-01-31,-0.545788181783099,0.0,0.3333333333333333,3
2016-02-29,-0.7381098177018927,0.0,0.0,3
2016-03-31,0.16284435692648583,0.0,0.3333333333333333,3
2016-04-30,0.3126509632584507,0.3333333333333333,0.3333333333333333,3
2016-05-31,0.07320263689431701,0.0,0.6666666666666666,3
2016-06-30,-0.4813235779119246,0.3333333333333333,0.0,3
2016-07-31,0.3126509632584507,0.3333333333333333,0.3333333333333333,3
2016-08-31,-0.3943759765142393,0.0,0.3333333333333333,3
2016-09-30,-0.2729894919500468,0.0,0.0,3
2016-10-31,-0.4911940513188325,0.0,0.0,3
2016-11-30,0.0640670825082023,0.3333333333333333,0.0,3
2016-12-31,-0.6930162720053938,0.0,0.0,3
2017-01-31,-0.4429588542714889,0.3333333333333333,0.0,3
2017-02-28,-0.23448822244383805,0.0,0.0,3
2017-03-31,0.5876557228216662,0.6666666666666666,0.6666666666666666,3
2017-04-30,0.6454003720002056,0.6666666666666666,0.3333333333333333,3
2017-05-31,0.46103929002387223,0.6666666666666666,0.3333333333333333,3
2017-06-30,0.05996705829064692,0.3333333333333333,0.3333333333333333,3
2017-07-31,0.760310297014869,0.6666666666666666,0.6666666666666666,3
2017-08-31,0.4550441482054972,0.6666666666666666,0.6666666666666666,3
2017-09-30,-0.254268222165634,0.0,0.0,3
2017-10-31,-0.19931981224774045,0.0,0.0,3
2017-11-30,-0.21431178725389152,0.3333333333333333,0.0,3
2017-12-31,0.5715598119632115,0.6666666666666666,0.6666666666666666,3
2018-01-31,0.15058503763059097,0.0,0.6666666666666666,3
2018-02-28,0.2811833065637767,0.3333333333333333,0.3333333333333333,3
2018-03-31,0.47184268618667913,0.6666666666666666,0.3333333333333333,3
2018-04-30,0.2363407591454908,0.3333333333333333,0.3333333333333333,3
2018-05-31,-0.1850826828014733,0.0,0.0,3
2018-06-30,0.21433492948620428,0.6666666666666666,0.0,3
2018-07-31,-0.4370007781907891,0.3333333333333333,0.0,3
2018-08-31,-0.8455787415399008,0.0,0.0,3
2018-09-30,0.031860852442138536,0.0,0.3333333333333333,3
2018-10-31,-0.33924167651530535,0.0,0.3333333333333333,3
2018-11-30,-0.3167761301794447,0.3333333333333333,0.0,3
2018-12-31,-0.1203632203369678,0.3333333333333333,0.3333333333333333,3
2019-01-31,0.11308055883843512,0.0,0.3333333333333333,3
2019-02-28,0.34293588717792683,0.6666666666666666,0.6666666666666666,3
2019-03-31,-0.01773228038553355,0.0,0.6666666666666666,3
2019-04-30,-0.02857799059816057,0.0,0.3333333333333333,3
2019-05-31,0.28935215480637577,0.3333333333333333,0.0,3
2019-06-30,0.37525003987407607,0.6666666666666666,0.0,3
2019-07-31,-0.6783216783216784,0.0,0.0,3
2019-08-31,-0.6433566433566434,0.0,0.0,3
2019-09-30,0.006993006993006993,0.3333333333333333,0.3333333333333333,3
2019-10-31,0.06293706293706294,0.3333333333333333,0.0,3
2019-11-30,-0.1258741258741259,0.3333333333333333,0.3333333333333333,3
2019-12-31,0.11188811188811189,0.0,0.3333333333333333,3
2020-01-31,0.15384615384615385,0.3333333333333333,0.3333333333333333,3
2020-02-29,0.4055944055944056,0.3333333333333333,0.3333333333333333,3
2020-03-31,0.3216783216783217,0.3333333333333333,0.0,3
2020-04-30,-0.034965034965034975,0.3333333333333333,0.3333333333333333,3
2020-05-31,0.37762237762237766,0.3333333333333333,0.6666666666666666,3
2020-06-30,0.10489510489510491,0.3333333333333333,0.3333333333333333,3
2020-07-31,0.034965034965034975,0.3333333333333333,0.3333333333333333,3
2020-08-31,0.2937062937062937,0.0,0.3333333333333333,3
2020-09-30,0.22377622377622378,0.3333333333333333,0.6666666666666666,3
2020-10-31,0.2937062937062937,0.6666666666666666,0.3333333333333333,3
2020-11-30,0.2517482517482518,0.3333333333333333,0.3333333333333333,3
2020-12-31,-0.06993006993006995,0.3333333333333333,0.0,3
2021-01-31,-0.02097902097902098,0.3333333333333333,0.0,3
2021-02-28,-0.013986013986013986,0.6666666666666666,0.3333333333333333,3
2021-03-31,0.30069930069930073,0.3333333333333333,0.6666666666666666,3
2021-04-30,0.30069930069930073,0.3333333333333333,0.0,3
2021-05-31,0.013986013986013986,0.3333333333333333,0.3333333333333333,3
2021-06-30,0.5804195804195805,0.6666666666666666,0.0,3
2021-07-31,0.31468531468531474,0.3333333333333333,0.0,3
2021-08-31,0.04195804195804196,0.3333333333333333,0.3333333333333333,3
2021-09-30,-0.0979020979020979,0.0,0.3333333333333333,3
2021-10-31,0.32867132867132864,0.3333333333333333,0.3333333333333333,3
2021-11-30,-0.04895104895104895,0.3333333333333333,0.0,3
2021-12-31,0.5314685314685316,0.3333333333333333,0.6666666666666666,3
2022-01-31,0.06993006993006995,0.6666666666666666,0.0,3
2022-02-28,0.22377622377622378,0.3333333333333333,0.3333333333333333,3
2022-03-31,0.1398601398601399,0.6666666666666666,0.0,3
2022-04-30,-0.04895104895104895,0.3333333333333333,0.3333333333333333,3
2022-05-31,0.3916083916083916,0.3333333333333333,0.3333333333333333,3
2022-06-30,0.4055944055944056,0.3333333333333333,0.6666666666666666,3
2022-07-31,0.4685314685314686,0.3333333333333333,0.0,3
2022-08-31,0.6223776223776225,0.3333333333333333,1.0,3
2022-09-30,0.1958041958041958,0.3333333333333333,0.0,3
2022-10-31,0.34965034965034975,0.3333333333333333,0.3333333333333333,3
2022-11-30,-0.2517482517482518,0.3333333333333333,0.3333333333333333,3
2022-12-31,-0.3216783216783217,0.3333333333333333,0.0,3
2023-01-31,0.06993006993006995,0.3333333333333333,0.6666666666666666,3
2023-02-28,-0.30069930069930073,0.0,0.3333333333333333,3
2023-03-31,-0.2867132867132868,0.0,0.3333333333333333,3
2023-04-30,0.4825174825174825,0.3333333333333333,0.3333333333333333,3
2023-05-31,0.2937062937062937,0.3333333333333333,0.3333333333333333,3
2023-06-30,0.2517482517482518,0.3333333333333333,0.3333333333333333,3
2023-07-31,-0.5034965034965035,0.0,0.0,3
2023-08-31,-0.44055944055944063,0.3333333333333333,0.0,3
2023-09-30,0.06993006993006995,0.3333333333333333,0.0,3
2023-10-31,0.32867132867132864,0.0,0.6666666666666666,3
2023-11-30,0.2797202797202798,0.3333333333333333,0.3333333333333333,3
2023-12-31,-0.14685314685314685,0.3333333333333333,0.3333333333333333,3
2024-01-31,0.25874125874125875,0.3333333333333333,0.3333333333333333,3
2024-02-29,-0.02097902097902098,0.0,0.3333333333333333,3
2024-03-31,0.41958041958041964,0.3333333333333333,0.6666666666666666,3
2024-04-30,0.4055944055944056,1.0,0.3333333333333333,3
2024-05-31,-0.006993006993006993,0.0,0.0,3
2024-06-30,-0.2867132867132868,0.0,0.0,3
2024-07-31,-0.3216783216783217,0.0,0.0,3
2024-08-31,0.2447552447552448,0.3333333333333333,0.6666666666666666,3
2024-09-30,0.23076923076923078,0.3333333333333333,0.6666666666666666,3
2024-10-31,0.2867132867132868,0.0,0.3333333333333333,3
2024-11-30,-0.3636363636363637,0.0,0.0,3
2024-12-31,-0.6923076923076924,0.0,0.0,3
2025-01-31,-0.1398601398601399,0.0,0.3333333333333333,3
2025-02-28,0.5174825174825175,0.3333333333333333,0.6666666666666666,3
2025-03-31,0.6293706293706295,0.6666666666666666,0.6666666666666666,3
2025-04-30,-0.2937062937062937,0.3333333333333333,0.3333333333333333,3
2025-05-31,0.08391608391608392,0.3333333333333333,0.3333333333333333,3
2025-06-30,0.43356643356643365,0.3333333333333333,0.3333333333333333,3
2025-07-31,0.4265734265734266,0.3333333333333333,0.3333333333333333,3
2025-08-31,-0.2027972027972028,0.3333333333333333,0.3333333333333333,3
2025-09-30,0.1258741258741259,0.3333333333333333,0.3333333333333333,3
1994-04-30,0.1398601398601399,0.3333333333333333,0.3333333333333333,6
1994-05-31,-0.2377622377622378,0.0,0.0,6
1994-06-30,0.1188811188811189,0.0,0.3333333333333333,6
1994-07-31,0.10489510489510491,0.0,0.3333333333333333,6
1994-08-31,-0.4825174825174825,0.0,0.3333333333333333,6
1994-09-30,-0.22377622377622378,0.0,0.3333333333333333,6
1994-10-31,-0.3216783216783217,0.0,0.0,6
1994-11-30,0.4055944055944056,0.3333333333333333,0.0,6
1994-12-31,0.2797202797202798,0.0,0.6666666666666666,6
1995-01-31,0.1188811188811189,0.3333333333333333,0.3333333333333333,6
1995-02-28,0.5174825174825175,0.6666666666666666,0.3333333333333333,6
1995-03-31,0.5874125874125874,0.6666666666666666,0.3333333333333333,6
1995-04-30,0.7482517482517484,0.6666666666666666,0.6666666666666666,6
1995-05-31,0.5454545454545455,0.6666666666666666,0.3333333333333333,6
1995-06-30,0.7972027972027973,0.6666666666666666,0.6666666666666666,6
1995-07-31,0.5944055944055945,0.6666666666666666,0.3333333333333333,6
1995-08-31,0.6993006993006995,0.3333333333333333,1.0,6
1995-09-30,-0.04895104895104895,0.3333333333333333,0.3333333333333333,6
1995-10-31,-0.0979020979020979,0.3333333333333333,0.3333333333333333,6
1995-11-30,-0.6853146853146854,0.0,0.0,6
1995-12-31,0.08391608391608392,0.0,0.3333333333333333,6
1996-01-31,-0.34965034965034975,0.0,0.0,6
1996-02-29,-0.06293706293706294,0.0,0.3333333333333333,6
1996-03-31,0.1398601398601399,0.0,0.3333333333333333,6
1996-04-30,0.21678321678321683,0.6666666666666666,0.6666666666666666,6
1996-05-31,-0.39860139860139865,0.0,0.0,6
1996-06-30,-0.2377622377622378,0.0,0.0,6
1996-07-31,-0.14685314685314685,0.3333333333333333,0.3333333333333333,6
1996-08-31,-0.11188811188811189,0.3333333333333333,0.0,6
1996-09-30,-0.4685314685314686,0.0,0.0,6
1996-10-31,-0.25874125874125875,0.0,0.0,6
1996-11-30,0.3216783216783217,0.3333333333333333,0.3333333333333333,6
1996-12-31,0.6783216783216784,0.6666666666666666,0.6666666666666666,6
1997-01-31,0.11188811188811189,0.3333333333333333,0.3333333333333333,6
1997-02-28,0.30069930069930073,0.3333333333333333,0.6666666666666666,6
1997-03-31,-0.20979020979020982,0.3333333333333333,0.0,6
1997-04-30,-0.04895104895104895,0.3333333333333333,0.0,6
1997-05-31,0.18181818181818185,0.3333333333333333,0.0,6
1997-06-30,0.41958041958041964,0.6666666666666666,0.6666666666666666,6
1997-07-31,-0.1258741258741259,0.3333333333333333,0.3333333333333333,6
1997-08-31,-0.31468531468531474,0.3333333333333333,0.0,6
1997-09-30,-0.15384615384615385,0.0,0.0,6
1997-10-31,0.2657342657342658,0.3333333333333333,0.0,6
1997-11-30,0.1398601398601399,0.6666666666666666,0.3333333333333333,6
1997-12-31,0.034965034965034975,0.3333333333333333,0.6666666666666666,6
1998-01-31,-0.2377622377622378,0.0,0.0,6
1998-02-28,-0.11188811188811189,0.3333333333333333,0.0,6
1998-03-31,0.21678321678321683,0.3333333333333333,0.3333333333333333,6
1998-04-30,0.2937062937062937,0.3333333333333333,0.0,6
1998-05-31,0.34965034965034975,0.3333333333333333,0.3333333333333333,6
1998-06-30,-0.17482517482517487,0.0,0.3333333333333333,6
1998-07-31,-0.25874125874125875,0.0,0.3333333333333333,6
1998-08-31,0.21678321678321683,0.0,0.6666666666666666,6
1998-09-30,-0.1258741258741259,0.0,0.3333333333333333,6
1998-10-31,-0.11188811188811189,0.3333333333333333,0.3333333333333333,6
1998-11-30,-0.6153846153846154,0.0,0.0,6
1998-12-31,-0.5384615384615385,0.0,0.0,6
1999-01-31,0.08391608391608392,0.0,0.3333333333333333,6
1999-02-28,0.013986013986013986,0.3333333333333333,0.0,6
1999-03-31,-0.1258741258741259,0.0,0.0,6
1999-04-30,0.30069930069930073,0.3333333333333333,0.3333333333333333,6
1999-05-31,0.006993006993006993,0.3333333333333333,0.3333333333333333,6
1999-06-30,-0.013986013986013986,0.0,0.3333333333333333,6
1999-07-31,-0.41958041958041964,0.3333333333333333,0.0,6
1999-08-31,-0.2937062937062937,0.0,0.3333333333333333,6
1999-09-30,-0.5174825174825175,0.0,0.0,6
1999-10-31,-0.23076923076923078,0.3333333333333333,0.0,6
1999-11-30,-0.15384615384615385,0.3333333333333333,0.3333333333333333,6
1999-12-31,0.04895104895104895,0.3333333333333333,0.0,6
2000-01-31,0.31468531468531474,0.3333333333333333,0.0,6
2000-02-29,0.2867132867132868,0.3333333333333333,0.3333333333333333,6
2000-03-31,0.2657342657342658,0.3333333333333333,0.3333333333333333,6
2000-04-30,0.49650349650349657,0.6666666666666666,0.3333333333333333,6
2000-05-31,0.43356643356643365,0.3333333333333333,0.6666666666666666,6
2000-06-30,-0.17482517482517487,0.3333333333333333,0.3333333333333333,6
2000-07-31,0.5482486811348388,0.3333333333333333,0.3333333333333333,6
2000-08-31,-0.2584600925349954,0.0,0.0,6
2000-09-30,-0.20906050250177272,0.0,0.3333333333333333,6
2000-10-31,0.18797097638908755,0.3333333333333333,0.3333333333333333,6
2000-11-30,0.3289492086809032,0.3333333333333333,0.3333333333333333,6
2000-12-31,0.011748186024317972,0.0,0.6666666666666666,6
2001-01-31,0.06689936080056726,0.3333333333333333,0.3333333333333333,6
2001-02-28,0.3010471236025527,0.6666666666666666,0.3333333333333333,6
2001-03-31,0.1723067283566636,0.3333333333333333,0.3333333333333333,6
2001-04-30,0.12531398425939172,0.3333333333333333,0.3333333333333333,6
2001-05-31,0.3261343839027654,0.3333333333333333,0.0,6
2001-06-30,0.3930337447033326,0.3333333333333333,0.0,6
2001-07-31,0.28361413215734516,0.3333333333333333,0.3333333333333333,6
2001-08-31,0.5404165571186267,0.3333333333333333,0.6666666666666666,6
2001-09-30,-0.04699274409727189,0.0,0.3333333333333333,6
2001-10-31,0.2819564645836314,0.3333333333333333,0.3333333333333333,6
2001-11-30,-0.039160620081059916,0.3333333333333333,0.3333333333333333,6
2001-12-31,0.144577585081223,0.3333333333333333,0.6666666666666666,6
2002-01-31,0.7753802776049863,0.6666666666666666,0.6666666666666666,6
2002-02-28,0.4816756269970369,0.6666666666666666,0.6666666666666666,6
2002-03-31,0.7815004598985029,1.0,0.6666666666666666,6
2002-04-30,0.09378005518782033,0.3333333333333333,0.3333333333333333,6
2002-05-31,-0.05079752989340268,0.3333333333333333,0.0,6
2002-06-30,-0.1292300462674977,0.0,0.3333333333333333,6
2002-07-31,-0.29370465060794937,0.0,0.3333333333333333,6
2002-08-31,-0.36810982876196313,0.0,0.3333333333333333,6
2002-09-30,-0.33678133269711524,0.0,0.0,6
2002-10-31,-0.18365260807614814,0.0,0.3333333333333333,6
2002-11-30,0.28978858859984336,0.0,0.6666666666666666,6
2002-12-31,0.20755128642961754,0.0,0.6666666666666666,6
2003-01-31,0.0861533641783318,0.0,0.3333333333333333,6
2003-02-28,-0.3628592573189563,0.3333333333333333,0.0,6
2003-03-31,-0.35636164273764526,0.0,0.0,6
2003-04-30,0.3328652706890093,0.3333333333333333,0.3333333333333333,6
2003-05-31,-0.3321376954568637,0.3333333333333333,0.0,6
2003-06-30,-0.34852951872143323,0.3333333333333333,0.0,6
2003-07-31,-0.2545440305268894,0.3333333333333333,0.0,6
2003-08-31,-0.2623761545431014,0.3333333333333333,0.0,6
2003-09-30,-0.29370465060794937,0.0,0.0,6
2003-10-31,-0.5079752989340268,0.0,0.0,6
2003-11-30,-0.442515006915977,0.0,0.3333333333333333,6
2003-12-31,-0.3477677046548338,0.0,0.3333333333333333,6
2004-01-31,-0.03516752069543263,0.0,0.6666666666666666,6
2004-02-29,0.0,0.3333333333333333,0.3333333333333333,6
2004-03-31,-0.3204151885583862,0.3333333333333333,0.0,6
2004-04-30,0.273525160964476,0.0,0.3333333333333333,6
2004-05-31,-0.01953751149746257,0.3333333333333333,0.0,6
2004-06-30,-0.09790155020264979,0.0,0.6666666666666666,6
2004-07-31,0.2662922165512074,0.3333333333333333,0.6666666666666666,6
2004-08-31,0.18756011037564066,0.3333333333333333,0.0,6
2004-09-30,-0.3868427276497589,0.0,0.0,6
2004-10-31,0.6252003679188023,0.6666666666666666,0.3333333333333333,6
2004-11-30,0.3829352253502664,0.6666666666666666,0.3333333333333333,6
2004-12-31,0.0039075022994925135,0.3333333333333333,0.3333333333333333,6
2005-01-31,-0.26961765866498344,0.3333333333333333,0.0,6
2005-02-28,-0.2227276310710733,0.3333333333333333,0.0,6
2005-03-31,0.26180265406599845,0.6666666666666666,0.3333333333333333,6
2005-04-30,0.12504007358376043,0.6666666666666666,0.3333333333333333,6
2005-05-31,0.5314203127309819,0.6666666666666666,0.3333333333333333,6
2005-06-30,0.2539876494670134,0.3333333333333333,0.3333333333333333,6
2005-07-31,-0.06252003679188022,0.3333333333333333,0.3333333333333333,6
2005-08-31,0.17974510577665564,0.3333333333333333,0.3333333333333333,6
2005-09-30,0.20709762187310324,0.3333333333333333,0.3333333333333333,6
2005-10-31,-0.007832124016211982,0.0,0.3333333333333333,6
2005-11-30,-0.4934238130213549,0.0,0.0,6
2005-12-31,-0.27020827855931334,0.3333333333333333,0.3333333333333333,6
2006-01-31,0.07048911614590785,0.3333333333333333,0.3333333333333333,6
2006-02-28,-0.39160620081059916,0.0,0.0,6
2006-03-31,-0.12504007358376043,0.0,0.0,6
2006-04-30,-0.23835764026904335,0.0,0.3333333333333333,6
2006-05-31,-0.3868427276497589,0.0,0.0,6
2006-06-30,0.03907502299492514,0.3333333333333333,0.0,6
2006-07-31,0.15630009197970057,0.3333333333333333,0.6666666666666666,6
2006-08-31,0.0039075022994925135,0.3333333333333333,0.0,6
2006-09-30,0.47775956498893096,0.3333333333333333,0.6666666666666666,6
2006-10-31,0.2183565733705734,0.3333333333333333,0.3333333333333333,6
2006-11-30,0.22064748964199593,0.3333333333333333,0.3333333333333333,6
2006-12-31,0.4540503967243464,0.3333333333333333,0.6666666666666666,6
2007-01-31,-0.30569920271880274,0.0,0.0,6
2007-02-28,-0.174355352342149,0.0,0.0,6
2007-03-31,-0.5038646510213921,0.0,0.0,6
2007-04-30,-0.4990718049178603,0.0,0.0,6
2007-05-31,-0.4202064094863697,0.0,0.0,6
2007-06-30,-0.10137396037394038,0.3333333333333333,0.0,6
2007-07-31,-0.15738618208908617,0.3333333333333333,0.3333333333333333,6
2007-08-31,0.2885413338299913,0.3333333333333333,0.3333333333333333,6
2007-09-30,0.2183565733705734,0.3333333333333333,0.3333333333333333,6
2007-10-31,0.4187178946793119,0.3333333333333333,0.3333333333333333,6
2007-11-30,0.6550697201117202,0.6666666666666666,0.6666666666666666,6
2007-12-31,0.10020599188906609,0.0,0.3333333333333333,6
2008-01-31,0.36503611331016933,0.3333333333333333,0.6666666666666666,6
2008-02-29,0.23533936216582085,0.6666666666666666,0.3333333333333333,6
2008-03-31,0.15332716019894388,0.3333333333333333,0.0,6
2008-04-30,0.49763923480988365,0.3333333333333333,0.3333333333333333,6
2008-05-31,0.2397386094704549,0.3333333333333333,0.0,6
2008-06-30,0.298420650273117,0.3333333333333333,0.3333333333333333,6
2008-07-31,0.10845385084098104,0.3333333333333333,0.0,6
2008-08-31,0.2875028216045883,0.3333333333333333,0.0,6
2008-09-30,0.26930644049037383,0.3333333333333333,0.0,6
2008-10-31,-0.007278552445685779,0.3333333333333333,0.3333333333333333,6
2008-11-30,0.12737466779950116,0.3333333333333333,0.6666666666666666,6
2008-12-31,-0.050011483546781,0.0,0.6666666666666666,6
2009-01-31,-0.22927440203910207,0.3333333333333333,0.3333333333333333,6
2009-02-28,-0.3141421886428416,0.0,0.3333333333333333,6
2009-03-31,-0.44035242296398963,0.0,0.3333333333333333,6
2009-04-30,-0.14673020240898965,0.0,0.3333333333333333,6
2009-05-31,0.3602883460614461,0.3333333333333333,0.6666666666666666,6
2009-06-30,0.1128175629081296,0.0,0.6666666666666666,6
2009-07-31,0.0,0.0,0.3333333333333333,6
2009-08-31,0.635670555414085,0.6666666666666666,1.0,6
2009-09-30,0.5895627481005481,0.3333333333333333,0.6666666666666666,6
2009-10-31,0.3646188434622346,0.3333333333333333,0.6666666666666666,6
2009-11-30,0.20041198377813219,0.3333333333333333,0.6666666666666666,6
2009-12-31,0.14646220181557296,0.3333333333333333,0.6666666666666666,6
2010-01-31,-0.06787272767063136,0.3333333333333333,0.3333333333333333,6
2010-02-28,-0.010756074116470784,0.0,0.0,6
2010-03-31,-0.31435789657976626,0.0,0.0,6
2010-04-30,0.11452113358750411,0.0,0.3333333333333333,6
2010-05-31,-0.13549842064092715,0.0,0.3333333333333333,6
2010-06-30,0.09826045801675803,0.0,0.6666666666666666,6
2010-07-31,-0.2288413999490706,0.0,0.3333333333333333,6
2010-08-31,0.26879783486081305,0.3333333333333333,0.3333333333333333,6
2010-09-30,-0.4159491955211563,0.0,0.0,6
2010-10-31,-0.49089499651595925,0.0,0.0,6
2010-11-30,-0.014529612695179083,0.0,0.6666666666666666,6
2010-12-31,-0.10845385084098104,0.0,0.3333333333333333,6
2011-01-31,-0.29918303680270636,0.0,0.3333333333333333,6
2011-02-28,-0.19111179253674748,0.0,0.3333333333333333,6
2011-03-31,-0.29478137405027405,0.0,0.3333333333333333,6
2011-04-30,-0.3160190761201451,0.0,0.0,6
2011-05-31,-0.022483740298440878,0.0,0.3333333333333333,6
2011-06-30,-0.09398548819454378,0.0,0.3333333333333333,6
2011-07-31,-0.05079752989340268,0.0,0.3333333333333333,6
2011-08-31,0.03132849606484793,0.6666666666666666,0.0,6
2011-09-30,-0.5086111625646007,0.0,0.0,6
2011-10-31,0.28072789026629646,0.0,0.3333333333333333,6
2011-11-30,0.12476795122946507,0.0,0.3333333333333333,6
2011-12-31,0.10917195732578194,0.0,0.0,6
2012-01-31,0.0233939908555247,0.0,0.0,6
2012-02-29,0.127134111082817,0.3333333333333333,0.3333333333333333,6
2012-03-31,0.20704698090630194,0.0,0.0,6
2012-04-30,0.20324763096139073,0.0,0.3333333333333333,6
2012-05-31,0.10533969204004837,0.3333333333333333,0.3333333333333333,6
2012-06-30,-0.3786583754256276,0.0,0.0,6
2012-07-31,-0.2250516759605145,0.3333333333333333,0.0,6
2012-08-31,-0.20532549351600388,0.3333333333333333,0.0,6
2012-09-30,-0.03516752069543263,0.3333333333333333,0.3333333333333333,6
2012-10-31,0.4207582535691949,0.6666666666666666,0.3333333333333333,6
2012-11-30,0.22438727760202973,0.3333333333333333,0.0,6
2012-12-31,0.5302637927252266,0.3333333333333333,0.3333333333333333,6
2013-01-31,0.059860639292339896,0.3333333333333333,0.0,6
2013-02-28,0.21594577766338338,0.6666666666666666,0.0,6
2013-03-31,-0.2017853988002107,0.0,0.0,6
2013-04-30,-0.007105703710419334,0.3333333333333333,0.3333333333333333,6
2013-05-31,0.26856632724128343,0.3333333333333333,0.3333333333333333,6
2013-06-30,0.21948587237917658,0.3333333333333333,0.3333333333333333,6
2013-07-31,0.21948587237917658,0.0,0.6666666666666666,6
2013-08-31,0.13708450642469608,0.0,0.3333333333333333,6
2013-09-30,-0.01056364222805998,0.3333333333333333,0.3333333333333333,6
2013-10-31,0.19014556010507966,0.3333333333333333,0.3333333333333333,6
2013-11-30,-0.35173233366575707,0.3333333333333333,0.0,6
2013-12-31,0.13476533093005497,0.6666666666666666,0.0,6
2014-01-31,-0.08787468360557442,0.3333333333333333,0.0,6
2014-02-28,-0.24029618753167464,0.3333333333333333,0.0,6
2014-03-31,-0.4197694080345284,0.3333333333333333,0.0,6
2014-04-30,-0.06714158181032086,0.3333333333333333,0.0,6
2014-05-31,-0.20606540760216072,0.3333333333333333,0.0,6
2014-06-30,0.09187795405622853,0.3333333333333333,0.3333333333333333,6
2014-07-31,-0.13217320651649264,0.0,0.3333333333333333,6
2014-08-31,0.20474211896253505,0.3333333333333333,0.3333333333333333,6
2014-09-30,0.15284960135940137,0.3333333333333333,0.3333333333333333,6
2014-10-31,-0.1087670675718056,0.3333333333333333,0.0,6
2014-11-30,-0.08481041912882634,0.3333333333333333,0.0,6
2014-12-31,0.16962083825765267,0.3333333333333333,0.3333333333333333,6
2015-01-31,0.1413506985480439,0.3333333333333333,0.0,6
2015-02-28,0.462099096239691,0.6666666666666666,0.3333333333333333,6
2015-03-31,0.5026431902238856,0.3333333333333333,0.6666666666666666,6
2015-04-30,0.6537876460254736,0.6666666666666666,0.6666666666666666,6
2015-05-31,0.545788181783099,0.6666666666666666,0.3333333333333333,6
2015-06-30,0.49209822819121674,0.6666666666666666,0.3333333333333333,6
2015-07-31,-0.12302455704780418,0.0,0.3333333333333333,6
2015-08-31,-0.29174394957050703,0.0,0.0,6
2015-09-30,-0.5194638171640613,0.3333333333333333,0.0,6
2015-10-31,-0.4805923750633493,0.3333333333333333,0.0,6
2015-11-30,-0.724422330058725,0.0,0.0,6
2015-12-31,-0.6996859578128174,0.0,0.0,6
2016-01-31,-0.22847417737449346,0.0,0.0,6
2016-02-29,-0.12480117690611713,0.3333333333333333,0.0,6
2016-03-31,-0.3215728391967999,0.3333333333333333,0.3333333333333333,6
2016-04-30,0.3280550835900096,0.3333333333333333,0.6666666666666666,6
2016-05-31,-0.3562748757267847,0.0,0.3333333333333333,6
2016-06-30,-0.6151227852390209,0.0,0.0,6
2016-07-31,-0.3463092114427076,0.0,0.3333333333333333,6
2016-08-31,-0.20142474543096256,0.0,0.0,6
2016-09-30,-0.13051653863258447,0.0,0.0,6
2016-10-31,-0.3374387850454057,0.0,0.0,6
2016-11-30,0.6772750112826005,1.0,0.3333333333333333,6
2016-12-31,-0.41773117646359414,0.3333333333333333,0.0,6
2017-01-31,0.22262735021316918,0.3333333333333333,0.6666666666666666,6
2017-02-28,0.07760442837613131,0.3333333333333333,0.3333333333333333,6
2017-03-31,0.7725168097442163,0.6666666666666666,0.6666666666666666,6
2017-04-30,0.7276023802541561,0.6666666666666666,0.6666666666666666,6
2017-05-31,0.7866267058126037,0.6666666666666666,0.6666666666666666,6
2017-06-30,0.685550887958013,0.6666666666666666,0.6666666666666666,6
2017-07-31,0.6102530049577599,0.3333333333333333,0.6666666666666666,6
2017-08-31,0.5820332128209849,0.3333333333333333,0.3333333333333333,6
2017-09-30,0.5866053989743822,0.3333333333333333,0.6666666666666666,6
2017-10-31,0.41698456071672957,0.6666666666666666,0.0,6
2017-11-30,0.6525826931629225,0.6666666666666666,0.6666666666666666,6
2017-12-31,0.5920817173285476,0.6666666666666666,0.6666666666666666,6
2018-01-31,0.4706787243316417,0.6666666666666666,0.6666666666666666,6
2018-02-28,0.20386926596493263,0.6666666666666666,0.0,6
2018-03-31,0.23550415206293943,0.3333333333333333,0.0,6
2018-04-30,-0.04585716222225941,0.3333333333333333,0.0,6
2018-05-31,-0.26149879231388123,0.0,0.0,6
2018-06-30,-0.08573397179448171,0.0,0.6666666666666666,6
2018-07-31,-0.31078564775499623,0.3333333333333333,0.3333333333333333,6
2018-08-31,-0.8180449808723464,0.0,0.0,6
2018-09-30,-0.4431531872029621,0.3333333333333333,0.0,6
2018-10-31,-0.04569483547489869,0.3333333333333333,0.0,6
2018-11-30,0.16608707079395157,0.3333333333333333,0.3333333333333333,6
2018-12-31,-0.049472744491815365,0.3333333333333333,0.3333333333333333,6
2019-01-31,0.18762501993703803,0.3333333333333333,0.3333333333333333,6
2019-02-28,0.4487884678900394,0.3333333333333333,0.3333333333333333,6
2019-03-31,0.23676242006797354,0.3333333333333333,0.0,6
2019-04-30,0.15384615384615385,0.3333333333333333,0.3333333333333333,6
2019-05-31,0.23076923076923078,0.3333333333333333,0.3333333333333333,6
2019-06-30,0.04195804195804196,0.0,0.3333333333333333,6
2019-07-31,-0.2797202797202798,0.0,0.3333333333333333,6
2019-08-31,-0.2517482517482518,0.0,0.3333333333333333,6
2019-09-30,0.04553422044199251,0.3333333333333333,0.3333333333333333,6
2019-10-31,0.055944055944055944,0.3333333333333333,0.3333333333333333,6
2019-11-30,0.11188811188811189,0.3333333333333333,0.3333333333333333,6
2019-12-31,0.22377622377622378,0.6666666666666666,0.3333333333333333,6
2020-01-31,-0.32867132867132864,0.3333333333333333,0.0,6
2020-02-29,-0.11188811188811189,0.3333333333333333,0.3333333333333333,6
2020-03-31,-0.10489510489510491,0.0,0.3333333333333333,6
2020-04-30,0.006993006993006993,0.3333333333333333,0.0,6
2020-05-31,0.6573426573426573,0.3333333333333333,0.6666666666666666,6
2020-06-30,0.4125874125874127,0.0,0.6666666666666666,6
2020-07-31,0.22377622377622378,0.0,0.3333333333333333,6
2020-08-31,0.44755244755244755,0.6666666666666666,0.3333333333333333,6
2020-09-30,0.5874125874125874,0.6666666666666666,0.3333333333333333,6
2020-10-31,0.7902097902097903,0.6666666666666666,0.6666666666666666,6
2020-11-30,0.5104895104895105,0.3333333333333333,0.3333333333333333,6
2020-12-31,-0.027972027972027972,0.0,0.6666666666666666,6
2021-01-31,0.055944055944055944,0.0,0.3333333333333333,6
2021-02-28,0.17482517482517487,0.3333333333333333,0.3333333333333333,6
2021-03-31,0.4825174825174825,0.3333333333333333,0.6666666666666666,6
2021-04-30,0.6643356643356644,0.3333333333333333,0.6666666666666666,6
2021-05-31,0.18181818181818185,0.6666666666666666,0.6666666666666666,6
2021-06-30,0.2657342657342658,0.3333333333333333,0.3333333333333333,6
2021-07-31,0.49387116017853416,0.6666666666666666,0.3333333333333333,6
2021-08-31,0.32867132867132864,0.3333333333333333,0.0,6
2021-09-30,0.31468531468531474,0.6666666666666666,0.0,6
2021-10-31,0.04895104895104895,0.3333333333333333,0.3333333333333333,6
2021-11-30,-0.02097902097902098,0.3333333333333333,0.0,6
2021-12-31,-0.1328671328671329,0.3333333333333333,0.3333333333333333,6
2022-01-31,0.25874125874125875,0.3333333333333333,0.3333333333333333,6
2022-02-28,0.1258741258741259,0.3333333333333333,0.6666666666666666,6
2022-03-31,0.44055944055944063,0.6666666666666666,0.6666666666666666,6
2022-04-30,0.16083916083916086,0.3333333333333333,0.0,6
2022-05-31,0.6643356643356644,0.6666666666666666,0.6666666666666666,6
2022-06-30,-0.02097902097902098,0.3333333333333333,0.0,6
2022-07-31,0.21678321678321683,0.6666666666666666,0.0,6
2022-08-31,0.04195804195804196,0.0,0.3333333333333333,6
2022-09-30,0.2377622377622378,0.3333333333333333,0.3333333333333333,6
2022-10-31,-0.32867132867132864,0.0,0.3333333333333333,6
2022-11-30,-0.4055944055944056,0.0,0.0,6
2022-12-31,-0.22377622377622378,0.3333333333333333,0.3333333333333333,6
2023-01-31,0.04895104895104895,0.3333333333333333,0.3333333333333333,6
2023-02-28,-0.2797202797202798,0.0,0.0,6
2023-03-31,0.18881118881118883,0.3333333333333333,0.3333333333333333,6
2023-04-30,0.43356643356643365,0.0,0.6666666666666666,6
2023-05-31,0.1398601398601399,0.3333333333333333,0.3333333333333333,6
2023-06-30,0.44755244755244755,0.3333333333333333,0.3333333333333333,6
2023-07-31,0.2517482517482518,0.3333333333333333,0.3333333333333333,6
2023-08-31,0.0979020979020979,0.3333333333333333,0.0,6
2023-09-30,0.4825174825174825,0.6666666666666666,0.3333333333333333,6
2023-10-31,-0.1258741258741259,0.0,0.3333333333333333,6
2023-11-30,-0.2797202797202798,0.3333333333333333,0.0,6
2023-12-31,0.0979020979020979,0.3333333333333333,0.3333333333333333,6
2024-01-31,0.08391608391608392,0.0,0.3333333333333333,6
2024-02-29,-0.3916083916083916,0.3333333333333333,0.0,6
2024-03-31,-0.09090909090909093,0.3333333333333333,0.3333333333333333,6
2024-04-30,-0.0979020979020979,0.3333333333333333,0.0,6
2024-05-31,0.21678321678321683,0.3333333333333333,0.3333333333333333,6
2024-06-30,-0.5874125874125874,0.0,0.0,6
2024-07-31,-0.5594405594405596,0.0,0.0,6
2024-08-31,0.06993006993006995,0.0,0.3333333333333333,6
2024-09-30,-0.027972027972027972,0.6666666666666666,0.0,6
2024-10-31,-0.18181818181818185,0.3333333333333333,0.0,6
2024-11-30,0.31468531468531474,0.6666666666666666,0.3333333333333333,6
2024-12-31,-0.30069930069930073,0.0,0.0,6
2025-01-31,-0.04195804195804196,0.3333333333333333,0.0,6
2025-02-28,0.2027972027972028,0.3333333333333333,0.3333333333333333,6
2025-03-31,0.8181818181818183,1.0,0.6666666666666666,6
2025-04-30,0.15384615384615385,0.6666666666666666,0.0,6
2025-05-31,0.4685314685314686,0.6666666666666666,0.0,6
2025-06-30,0.6573426573426573,0.6666666666666666,0.3333333333333333,6
1994-03-31,0.4412387924518868,0.6666666666666666,0.3333333333333333,12
1994-04-30,-0.11826247919781653,0.3333333333333333,0.3333333333333333,12
1994-05-31,0.06425263978050368,0.3333333333333333,0.3333333333333333,12
1994-06-30,-0.039333515491635766,0.0,0.3333333333333333,12
1994-07-31,-0.13572252497819753,0.0,0.0,12
1994-08-31,-0.251392546778551,0.0,0.3333333333333333,12
1994-09-30,-0.08500115692343063,0.0,0.3333333333333333,12
1994-10-31,-0.173698016321793,0.0,0.3333333333333333,12
1994-11-30,0.07021834702370357,0.3333333333333333,0.3333333333333333,12
1994-12-31,0.1104603614633027,0.3333333333333333,0.3333333333333333,12
1995-01-31,-0.055073691240431724,0.0,0.0,12
1995-02-28,-0.2752725400350703,0.0,0.0,12
1995-03-31,0.037444135498785426,0.0,0.0,12
1995-04-30,0.09985102799676111,0.0,0.3333333333333333,12
1995-05-31,-0.11826247919781653,0.0,0.3333333333333333,12
1995-06-30,0.4143024683524091,0.3333333333333333,0.6666666666666666,12
1995-07-31,0.45326837979769036,0.3333333333333333,0.3333333333333333,12
1995-08-31,0.3739971278480057,0.3333333333333333,0.3333333333333333,12
1995-09-30,-0.055073691240431724,0.3333333333333333,0.0,12
1995-10-31,0.3289492086809032,0.6666666666666666,0.0,12
1995-11-30,-0.016641837999460184,0.3333333333333333,0.3333333333333333,12
1995-12-31,-0.17739371879672478,0.3333333333333333,0.3333333333333333,12
1996-01-31,-0.07343158832057563,0.0,0.3333333333333333,12
1996-02-29,0.5821360292762093,0.6666666666666666,0.3333333333333333,12
1996-03-31,0.5929413588439677,0.6666666666666666,0.6666666666666666,12
1996-04-30,0.3973216877243997,0.3333333333333333,0.3333333333333333,12
1996-05-31,0.28134016556346103,0.3333333333333333,0.3333333333333333,12
1996-06-30,0.059131239598908265,0.3333333333333333,0.0,12
1996-07-31,-0.11826247919781653,0.3333333333333333,0.0,12
1996-08-31,-0.17739371879672478,0.0,0.0,12
1996-09-30,0.1719301011776706,0.3333333333333333,0.3333333333333333,12
1996-10-31,-0.023445013796955082,0.3333333333333333,0.3333333333333333,12
1996-11-30,0.2586991732452237,0.3333333333333333,0.3333333333333333,12
1996-12-31,0.09406076693163819,0.3333333333333333,0.3333333333333333,12
1997-01-31,0.09368225124350368,0.0,0.3333333333333333,12
1997-02-28,-0.10426990152843572,0.0,0.0,12
1997-03-31,-0.17100263850663458,0.0,0.0,12
1997-04-30,-0.10226714027825298,0.3333333333333333,0.3333333333333333,12
1997-05-31,0.09406076693163819,0.3333333333333333,0.0,12
1997-06-30,0.062222241360169454,0.3333333333333333,0.3333333333333333,12
1997-07-31,-0.22326804252766688,0.3333333333333333,0.0,12
1997-08-31,-0.04589474270035978,0.0,0.0,12
1997-09-30,-0.18096336663759668,0.0,0.0,12
1997-10-31,0.036715794160287814,0.0,0.0,12
1997-11-30,-0.35445877847928337,0.0,0.0,12
1997-12-31,-0.0041707960611374285,0.3333333333333333,0.6666666666666666,12
1998-01-31,0.11014738248086345,0.3333333333333333,0.6666666666666666,12
1998-02-28,-0.059131239598908265,0.0,0.6666666666666666,12
1998-03-31,0.03753716455023686,0.0,0.3333333333333333,12
1998-04-30,-0.0624068924979757,0.0,0.6666666666666666,12
1998-05-31,-0.35478743759344955,0.0,0.3333333333333333,12
1998-06-30,-0.29565619799454135,0.0,0.3333333333333333,12
1998-07-31,-0.547050321928952,0.0,0.0,12
1998-08-31,-0.3038218101251,0.3333333333333333,0.3333333333333333,12
1998-09-30,-0.3428080183343877,0.0,0.0,12
1998-10-31,-0.3212631989025184,0.0,0.0,12
1998-11-30,-0.05004955273364914,0.3333333333333333,0.3333333333333333,12
1998-12-31,-0.22522298730142115,0.0,0.3333333333333333,12
1999-01-31,-0.251392546778551,0.0,0.0,12
1999-02-28,-0.18663992109316666,0.0,0.0,12
1999-03-31,-0.10127393670836667,0.0,0.3333333333333333,12
1999-04-30,-0.3038218101251,0.0,0.3333333333333333,12
1999-05-31,-0.5913123959890827,0.0,0.3333333333333333,12
1999-06-30,-0.6504436355879909,0.3333333333333333,0.3333333333333333,12
1999-07-31,-0.15191090506255,0.3333333333333333,0.3333333333333333,12
1999-08-31,-0.4622501635210243,0.0,0.3333333333333333,12
1999-09-30,-0.2773500981126146,0.3333333333333333,0.3333333333333333,12
1999-10-31,-0.21111581642165497,0.0,0.3333333333333333,12
1999-11-30,0.05835824897876086,0.3333333333333333,0.6666666666666666,12
1999-12-31,-0.28401014502996946,0.0,0.6666666666666666,12
2000-01-31,-0.02723384952342173,0.0,0.6666666666666666,12
2000-02-29,0.10127393670836667,0.0,0.3333333333333333,12
2000-03-31,0.10127393670836667,0.0,0.3333333333333333,12
2000-04-30,0.35478743759344955,0.3333333333333333,0.6666666666666666,12
2000-05-31,0.05075796486684261,0.6666666666666666,0.3333333333333333,12
2000-06-30,0.0,0.3333333333333333,0.0,12
2000-07-31,0.07131495823206693,0.3333333333333333,0.3333333333333333,12
2000-08-31,0.04350682702872224,0.3333333333333333,0.3333333333333333,12
2000-09-30,0.16677617027676858,0.3333333333333333,0.3333333333333333,12
2000-10-31,-0.47132395947782424,0.0,0.0,12
2000-11-30,-0.5410109189581528,0.0,0.0,12
2000-12-31,-0.15493341934487972,0.0,0.3333333333333333,12
2001-01-31,0.014185824308426838,0.0,0.3333333333333333,12
2001-02-28,0.14502275676240747,0.0,0.3333333333333333,12
2001-03-31,0.2998352914532346,0.3333333333333333,0.6666666666666666,12
2001-04-30,0.04929699706427991,0.0,0.3333333333333333,12
2001-05-31,0.1587363307693595,0.0,0.3333333333333333,12
2001-06-30,-0.014084856304079975,0.0,0.6666666666666666,12
2001-07-31,-0.22067550641714126,0.3333333333333333,0.0,12
2001-08-31,-0.2349126358634084,0.3333333333333333,0.0,12
2001-09-30,-0.10563642228059981,0.0,0.3333333333333333,12
2001-10-31,0.17894846998473848,0.3333333333333333,0.6666666666666666,12
2001-11-30,-0.26010906347250023,0.3333333333333333,0.0,12
2001-12-31,0.024518426391842117,0.0,0.3333333333333333,12
2002-01-31,-0.08898205903916986,0.0,0.3333333333333333,12
2002-02-28,0.16842208939740091,0.6666666666666666,0.3333333333333333,12
2002-03-31,-0.007054948034193755,0.6666666666666666,0.0,12
2002-04-30,0.06702200632484068,0.6666666666666666,0.0,12
2002-05-31,0.11640664256419696,1.0,0.0,12
2002-06-30,-0.04350682702872224,0.3333333333333333,0.3333333333333333,12
2002-07-31,0.23240012901731957,0.6666666666666666,0.3333333333333333,12
2002-08-31,0.1850826828014733,0.3333333333333333,0.0,12
2002-09-30,0.17284622683774703,0.3333333333333333,0.3333333333333333,12
2002-10-31,0.2596507211543264,0.3333333333333333,0.3333333333333333,12
2002-11-30,0.3450789794499594,0.3333333333333333,0.6666666666666666,12
2002-12-31,0.556351824011159,0.6666666666666666,0.3333333333333333,12
2003-01-31,0.45965195231374006,0.3333333333333333,0.0,12
2003-02-28,0.5659129624198992,0.3333333333333333,0.3333333333333333,12
2003-03-31,0.3802911202101593,0.3333333333333333,0.3333333333333333,12
2003-04-30,-0.29824744997456415,0.0,0.0,12
2003-05-31,-0.01751316170845866,0.0,0.3333333333333333,12
2003-06-30,-0.09457107322567675,0.0,0.3333333333333333,12
2003-07-31,-0.37324869205811934,0.0,0.3333333333333333,12
2003-08-31,-0.2912298629163391,0.0,0.0,12
2003-09-30,-0.08818685042742196,0.0,0.3333333333333333,12
2003-10-31,-0.31690926684179943,0.0,0.3333333333333333,12
2003-11-30,-0.26104096217233347,0.0,0.3333333333333333,12
2003-12-31,-0.13380613488875975,0.3333333333333333,0.3333333333333333,12
2004-01-31,-0.03157914176201268,0.3333333333333333,0.3333333333333333,12
2004-02-29,-0.11287916854710008,0.3333333333333333,0.3333333333333333,12
2004-03-31,-0.2816971260815995,0.0,0.3333333333333333,12
2004-04-30,-0.07042428152039988,0.0,0.3333333333333333,12
2004-05-31,-0.1760607038009997,0.0,0.3333333333333333,12
2004-06-30,-0.12302455704780418,0.3333333333333333,0.3333333333333333,12
2004-07-31,-0.09473742528603803,0.0,0.3333333333333333,12
2004-08-31,-0.04232968820516253,0.0,0.3333333333333333,12
2004-09-30,-0.2746546979295595,0.0,0.0,12
2004-10-31,-0.014035174116450076,0.0,0.0,12
2004-11-30,-0.15660842390893895,0.3333333333333333,0.0,12
2004-12-31,-0.29595707666307774,0.0,0.0,12
2005-01-31,0.14815390871806886,0.3333333333333333,0.0,12
2005-02-28,0.2350891664505388,0.3333333333333333,0.3333333333333333,12
2005-03-31,0.22105399233408873,0.3333333333333333,0.3333333333333333,12
2005-04-30,0.33684417879480183,0.6666666666666666,0.3333333333333333,12
2005-05-31,0.13906416855253048,0.3333333333333333,0.3333333333333333,12
2005-06-30,0.24339570717968453,0.3333333333333333,0.6666666666666666,12
2005-07-31,0.2222308630771033,0.3333333333333333,0.3333333333333333,12
2005-08-31,0.47888511433871916,0.3333333333333333,0.6666666666666666,12
2005-09-30,0.014059949376891905,0.3333333333333333,0.0,12
2005-10-31,0.04912310940757527,0.3333333333333333,0.3333333333333333,12
2005-11-30,0.1708455533552061,0.3333333333333333,0.3333333333333333,12
2005-12-31,0.14035174116450078,0.3333333333333333,0.3333333333333333,12
2006-01-31,0.11640664256419696,0.0,0.6666666666666666,12
2006-02-28,-0.14502275676240747,0.0,0.3333333333333333,12
2006-03-31,-0.09426479189556485,0.0,0.6666666666666666,12
2006-04-30,-0.4197694080345284,0.0,0.3333333333333333,12
2006-05-31,-0.053389235423501914,0.0,0.3333333333333333,12
2006-06-30,-0.09610062376230345,0.3333333333333333,0.3333333333333333,12
2006-07-31,-0.5307191174837983,0.3333333333333333,0.0,12
2006-08-31,-0.39075022994925146,0.3333333333333333,0.0,12
2006-09-30,-0.38431384369516425,0.0,0.0,12
2006-10-31,-0.24922905866348705,0.3333333333333333,0.0,12
2006-11-30,-0.1104603614633027,0.3333333333333333,0.0,12
2006-12-31,0.28948232659348294,1.0,0.3333333333333333,12
2007-01-31,0.161979407836027,0.3333333333333333,0.3333333333333333,12
2007-02-28,0.036324031737947717,0.6666666666666666,0.0,12
2007-03-31,0.493300923864264,0.6666666666666666,0.0,12
2007-04-30,0.6100744104721355,0.6666666666666666,0.3333333333333333,12
2007-05-31,0.28494493423249445,0.0,0.0,12
2007-06-30,0.0439215821365902,0.0,0.0,12
2007-07-31,-0.021794419042768624,0.3333333333333333,0.0,12
2007-08-31,0.40716757493459255,0.3333333333333333,0.3333333333333333,12
2007-09-30,0.5370116068227779,0.3333333333333333,0.6666666666666666,12
2007-10-31,0.7068192341935722,0.6666666666666666,0.6666666666666666,12
2007-11-30,0.554141203107623,0.3333333333333333,0.6666666666666666,12
2007-12-31,0.4225825002115686,0.0,0.6666666666666666,12
2008-01-31,0.3829352253502664,0.0,0.6666666666666666,12
2008-02-29,0.48559168900514293,0.3333333333333333,0.3333333333333333,12
2008-03-31,0.43468288289976503,0.3333333333333333,0.3333333333333333,12
2008-04-30,0.018300659223579253,0.0,0.3333333333333333,12
2008-05-31,-0.01789392712304752,0.0,0.3333333333333333,12
2008-06-30,-0.03361819371061995,0.0,0.3333333333333333,12
2008-07-31,0.5202696790830904,0.0,0.6666666666666666,12
2008-08-31,0.4540503967243464,0.0,0.6666666666666666,12
2008-09-30,0.31291582147751096,0.3333333333333333,0.6666666666666666,12
2008-10-31,-0.21240098365483312,0.0,0.3333333333333333,12
2008-11-30,-0.24832042469952478,0.0,0.3333333333333333,12
2008-12-31,-0.3294118660244265,0.0,0.0,12
2009-01-31,-0.6131070209872019,0.3333333333333333,0.0,12
2009-02-28,-0.5865826091499523,0.0,0.3333333333333333,12
2009-03-31,-0.3393063124454938,0.0,0.3333333333333333,12
2009-04-30,0.5104030495200883,0.6666666666666666,0.6666666666666666,12
2009-05-31,0.45175890690551185,0.6666666666666666,0.6666666666666666,12
2009-06-30,0.4591647906252743,0.6666666666666666,0.6666666666666666,12
2009-07-31,0.012512388183412285,0.3333333333333333,0.3333333333333333,12
2009-08-31,-0.11044050534274567,0.3333333333333333,0.3333333333333333,12
2009-09-30,0.24296911175404048,0.3333333333333333,0.6666666666666666,12
2009-10-31,-0.3355362423072106,0.0,0.0,12
2009-11-30,0.25441855972938315,0.0,0.6666666666666666,12
2009-12-31,-0.07776177905750613,0.3333333333333333,0.3333333333333333,12
2010-01-31,-0.015630009197970054,0.6666666666666666,0.0,12
2010-02-28,-0.2038625154933873,0.0,0.3333333333333333,12
2010-03-31,-0.12280852166026898,0.3333333333333333,0.0,12
2010-04-30,0.22394495126284344,0.3333333333333333,0.3333333333333333,12
2010-05-31,-0.022620420829699586,0.0,0.3333333333333333,12
2010-06-30,-0.04891159880445185,0.0,0.0,12
2010-07-31,0.19504882851925076,0.0,0.3333333333333333,12
2010-08-31,0.413867374499208,0.3333333333333333,0.6666666666666666,12
2010-09-30,0.10159505978680536,0.0,0.3333333333333333,12
2010-10-31,0.3952436524871794,0.3333333333333333,0.6666666666666666,12
2010-11-30,-0.08887060463714985,0.3333333333333333,0.3333333333333333,12
2010-12-31,-0.4901091179768243,0.0,0.3333333333333333,12
2011-01-31,-0.5742906277822775,0.0,0.3333333333333333,12
2011-02-28,-0.18162015868973858,0.0,0.6666666666666666,12
2011-03-31,0.011241870149220439,0.0,0.6666666666666666,12
2011-04-30,0.27729946368077085,0.0,0.6666666666666666,12
2011-05-31,0.6844446549618639,0.3333333333333333,0.6666666666666666,12
2011-06-30,0.5848169109809582,0.3333333333333333,0.3333333333333333,12
2011-07-31,0.6563139182320222,0.0,0.6666666666666666,12
2011-08-31,0.4370538564968396,0.3333333333333333,0.6666666666666666,12
2011-09-30,0.07197225284792176,0.0,0.3333333333333333,12
2011-10-31,0.27817002019840464,0.3333333333333333,0.6666666666666666,12
2011-11-30,-0.46385012243953183,0.0,0.0,12
2011-12-31,0.16588308608446364,0.3333333333333333,0.3333333333333333,12
2012-01-31,0.4265691275720552,0.3333333333333333,0.3333333333333333,12
2012-02-29,-0.14441473253536852,0.0,0.3333333333333333,12
2012-03-31,-0.48586764426822776,0.0,0.3333333333333333,12
2012-04-30,0.01806007671474544,0.0,0.3333333333333333,12
2012-05-31,-0.3733334481610167,0.3333333333333333,0.0,12
2012-06-30,-0.044435302318574926,0.0,0.3333333333333333,12
2012-07-31,-0.4841370242160614,0.3333333333333333,0.3333333333333333,12
2012-08-31,-0.055544127898218665,0.3333333333333333,0.3333333333333333,12
2012-09-30,0.3553057540678983,0.3333333333333333,0.6666666666666666,12
2012-10-31,0.8533152132400155,1.0,0.3333333333333333,12
2012-11-30,0.6537379938803752,0.6666666666666666,0.3333333333333333,12
2012-12-31,0.6072823002109122,0.3333333333333333,0.3333333333333333,12
2013-01-31,0.592674554891549,0.3333333333333333,0.3333333333333333,12
2013-02-28,0.39294737072470787,0.6666666666666666,0.3333333333333333,12
2013-03-31,-0.34573124117007453,0.0,0.0,12
2013-04-30,-0.7148014328692014,0.0,0.0,12
2013-05-31,-0.0035919669993427204,0.3333333333333333,0.3333333333333333,12
2013-06-30,-0.24693619429805572,0.0,0.0,12
2013-07-31,0.21672092057694528,0.0,0.3333333333333333,12
2013-08-31,0.040261450291874355,0.3333333333333333,0.0,12
2013-09-30,0.0682473729875117,0.6666666666666666,0.0,12
2013-10-31,0.28935215480637577,0.3333333333333333,0.3333333333333333,12
2013-11-30,0.07105597124064275,0.0,0.3333333333333333,12
2013-12-31,0.23934642944216503,0.3333333333333333,0.0,12
2014-01-31,0.0653832571283059,0.3333333333333333,0.0,12
2014-02-28,0.3566490698386032,0.3333333333333333,0.3333333333333333,12
2014-03-31,0.37848472717566056,0.6666666666666666,0.3333333333333333,12
2014-04-30,-0.1580465479710797,0.3333333333333333,0.0,12
2014-05-31,-0.15738566932278156,0.3333333333333333,0.0,12
2014-06-30,0.08668836823077809,0.3333333333333333,0.0,12
2014-07-31,0.06072823002109121,0.0,0.3333333333333333,12
2014-08-31,0.5808299577097228,0.3333333333333333,0.6666666666666666,12
2014-09-30,0.5345543020847687,0.6666666666666666,0.3333333333333333,12
2014-10-31,0.530632989745892,0.6666666666666666,0.3333333333333333,12
2014-11-30,0.8242616304086429,0.6666666666666666,0.6666666666666666,12
2014-12-31,0.6430661857929498,0.3333333333333333,0.6666666666666666,12
2015-01-31,0.7525468775883827,0.6666666666666666,0.6666666666666666,12
2015-02-28,0.3777699300746562,0.6666666666666666,0.3333333333333333,12
2015-03-31,0.028630283396876028,0.0,0.3333333333333333,12
2015-04-30,-0.09592700009066103,0.3333333333333333,0.3333333333333333,12
2015-05-31,0.15195200093914718,0.0,0.6666666666666666,12
2015-06-30,0.13806369391593362,0.3333333333333333,0.3333333333333333,12
2015-07-31,-0.1525609332993804,0.3333333333333333,0.3333333333333333,12
2015-08-31,-0.12195818167274829,0.3333333333333333,0.3333333333333333,12
2015-09-30,0.11682312562117461,0.3333333333333333,0.3333333333333333,12
2015-10-31,0.32330951882407977,0.6666666666666666,0.3333333333333333,12
2015-11-30,-0.1101384075114997,0.0,0.3333333333333333,12
2015-12-31,-0.5770354386742867,0.0,0.0,12
2016-01-31,-0.32568871385297166,0.0,0.0,12
2016-02-29,-0.2929244036311459,0.3333333333333333,0.0,12
2016-03-31,-0.28988161939336976,0.0,0.0,12
2016-04-30,-0.17241441596845059,0.0,0.0,12
2016-05-31,-0.3995643491174249,0.0,0.0,12
2016-06-30,-0.3688314320190978,0.0,0.3333333333333333,12
2016-07-31,-0.08216172296971165,0.3333333333333333,0.0,12
2016-08-31,0.10601302391103293,0.6666666666666666,0.3333333333333333,12
2016-09-30,0.622874413274189,0.6666666666666666,0.6666666666666666,12
2016-10-31,0.19366677418109965,0.6666666666666666,0.0,12
2016-11-30,0.27149091068252545,0.6666666666666666,0.0,12
2016-12-31,0.07251137838120374,0.6666666666666666,0.3333333333333333,12
2017-01-31,0.26791866185775537,0.3333333333333333,0.3333333333333333,12
2017-02-28,0.4460519341899395,0.3333333333333333,0.3333333333333333,12
2017-03-31,0.622874413274189,1.0,0.3333333333333333,12
2017-04-30,0.6395133339377401,0.6666666666666666,0.3333333333333333,12
2017-05-31,0.42215604184977523,0.6666666666666666,0.0,12
2017-06-30,0.30160561106266115,0.3333333333333333,0.0,12
2017-07-31,0.47782869601272193,0.3333333333333333,0.3333333333333333,12
2017-08-31,0.5086111625646007,0.3333333333333333,0.3333333333333333,12
2017-09-30,0.5647079819651082,0.3333333333333333,0.3333333333333333,12
2017-10-31,0.21153612429059213,0.3333333333333333,0.3333333333333333,12
2017-11-30,0.05329277782814501,0.0,0.3333333333333333,12
2017-12-31,0.06395133339377403,0.0,0.3333333333333333,12
2018-01-31,0.33570790905160425,0.3333333333333333,0.6666666666666666,12
2018-02-28,0.150034450640343,0.3333333333333333,0.3333333333333333,12
2018-03-31,0.2827240485441508,0.6666666666666666,0.3333333333333333,12
2018-04-30,0.1101384075114997,0.3333333333333333,0.3333333333333333,12
2018-05-31,0.0750172253201715,0.0,0.3333333333333333,12
2018-06-30,0.21433492948620428,0.3333333333333333,0.3333333333333333,12
2018-07-31,0.13074939615694062,0.3333333333333333,0.3333333333333333,12
2018-08-31,0.14160378863172682,0.0,0.3333333333333333,12
2018-09-30,0.2622135909520186,0.0,0.6666666666666666,12
2018-10-31,0.14948985918580535,0.3333333333333333,0.3333333333333333,12
2018-11-30,-0.06786126248909877,0.0,0.3333333333333333,12
2018-12-31,-0.16588308608446364,0.3333333333333333,0.3333333333333333,12
2019-01-31,0.16934210819221004,0.3333333333333333,0.3333333333333333,12
2019-02-28,0.12420676620390785,0.3333333333333333,0.3333333333333333,12
2019-03-31,-0.03653140182467878,0.3333333333333333,0.3333333333333333,12
2019-04-30,0.033930631244549384,0.3333333333333333,0.3333333333333333,12
2019-05-31,0.022217651159287463,0.6666666666666666,0.0,12
2019-06-30,0.14441473253536852,0.3333333333333333,0.3333333333333333,12
2019-07-31,-0.13881932693377935,0.0,0.3333333333333333,12
2019-08-31,0.4491247217271657,0.6666666666666666,0.3333333333333333,12
2019-09-30,-0.10226714027825298,0.3333333333333333,0.3333333333333333,12
2019-10-31,0.16588308608446364,0.3333333333333333,0.3333333333333333,12
2019-11-30,0.3554824185485994,0.6666666666666666,0.6666666666666666,12
2019-12-31,0.4332441976061056,0.6666666666666666,0.6666666666666666,12
2020-01-31,0.6344020453131706,0.6666666666666666,0.6666666666666666,12
2020-02-29,0.03146681239330861,0.6666666666666666,0.0,12
2020-03-31,-0.2666792333201551,0.3333333333333333,0.0,12
2020-04-30,0.16804444839352237,0.6666666666666666,0.3333333333333333,12
2020-05-31,0.05479710273701816,0.3333333333333333,0.0,12
2020-06-30,0.35800773788185203,0.6666666666666666,0.3333333333333333,12
2020-07-31,0.05114396255455028,0.3333333333333333,0.3333333333333333,12
2020-08-31,-0.08835240427419652,0.3333333333333333,0.0,12
2020-09-30,-0.07776177905750613,0.3333333333333333,0.3333333333333333,12
2020-10-31,0.181444151134181,0.3333333333333333,0.3333333333333333,12
2020-11-30,0.38880889528753065,0.6666666666666666,0.0,12
2020-12-31,0.5554412789821866,0.6666666666666666,0.0,12
2021-01-31,0.5698898684649889,0.3333333333333333,0.3333333333333333,12
2021-02-28,0.42011112098380593,0.6666666666666666,0.6666666666666666,12
2021-03-31,0.05479710273701816,0.3333333333333333,0.3333333333333333,12
2021-04-30,-0.16934210819221004,0.3333333333333333,0.0,12
2021-05-31,-0.10179189373364814,0.0,0.3333333333333333,12
2021-06-30,0.09398548819454378,0.3333333333333333,0.3333333333333333,12
2021-07-31,-0.26390490967982855,0.0,0.3333333333333333,12
2021-08-31,-0.36192673327519337,0.3333333333333333,0.3333333333333333,12
2021-09-30,0.45908489196625213,0.6666666666666666,0.3333333333333333,12
2021-10-31,0.06475262568538434,0.3333333333333333,0.3333333333333333,12
2021-11-30,-0.18514709299406226,0.3333333333333333,0.0,12
2021-12-31,-0.31782319587470537,0.0,0.0,12
2022-01-31,0.6597622741995712,0.6666666666666666,0.6666666666666666,12
2022-02-28,0.5130079155199037,0.3333333333333333,0.6666666666666666,12
2022-03-31,-0.13195245483991427,0.3333333333333333,0.0,12
2022-04-30,0.45617848673227496,0.6666666666666666,0.3333333333333333,12
2022-05-31,-0.5202696790830904,0.0,0.0,12
2022-06-30,-0.8574706377176597,0.0,0.0,12
2022-07-31,0.08402222419676118,0.0,0.0,12
2022-08-31,-0.08835240427419652,0.0,0.0,12
2022-09-30,0.7509954363306706,0.3333333333333333,0.3333333333333333,12
2022-10-31,-0.18096336663759668,0.0,0.0,12
2022-11-30,-0.3389990403528945,0.0,0.0,12
2022-12-31,-0.7080032788494437,0.0,0.0,12
2023-01-31,0.2797826135349557,0.0,0.3333333333333333,12
2023-02-28,0.41102654644681813,0.3333333333333333,0.0,12
2023-03-31,0.13763627001753515,0.6666666666666666,0.0,12
2023-04-30,0.03753716455023686,0.6666666666666666,0.3333333333333333,12
2023-05-31,0.3360453354413985,0.3333333333333333,0.3333333333333333,12
2023-06-30,0.340384211320027,0.6666666666666666,0.3333333333333333,12
2023-07-31,0.027412434056741937,0.3333333333333333,0.3333333333333333,12
2023-08-31,-0.4405353735063205,0.0,0.0,12
2023-09-30,0.0822373021702258,0.3333333333333333,0.0,12
2023-10-31,-0.3073441743701433,0.3333333333333333,0.3333333333333333,12
2023-11-30,0.06626430320564741,0.3333333333333333,0.3333333333333333,12
2023-12-31,0.09498164474416482,0.3333333333333333,0.3333333333333333,12
2024-01-31,-0.056551052074248966,0.0,0.3333333333333333,12
2024-02-29,-0.29590435477989807,0.0,0.3333333333333333,12
2024-03-31,-0.662643032056474,0.0,0.0,12
2024-04-30,-0.42213537202646184,0.0,0.0,12
2024-05-31,-0.40716757493459255,0.3333333333333333,0.0,12
2024-06-30,-0.09257354649703113,0.0,0.3333333333333333,12
2024-07-31,0.32147633605717324,0.6666666666666666,0.3333333333333333,12
2024-08-31,0.2724199131787727,0.3333333333333333,0.3333333333333333,12
2024-09-30,0.1331461082756037,0.3333333333333333,0.0,12
2024-10-31,0.36569680341347666,0.3333333333333333,0.3333333333333333,12
2024-11-30,0.3036412325102621,0.3333333333333333,0.6666666666666666,12
2024-12-31,0.38851575411230604,0.3333333333333333,0.3333333333333333,12
